-- phpMyAdmin SQL Dump
-- version 4.5.0.2
-- http://www.phpmyadmin.net
--
-- Host: 127.0.0.1
-- Generation Time: Sep 19, 2016 at 07:04 AM
-- Server version: 10.0.17-MariaDB
-- PHP Version: 5.6.14

SET SQL_MODE = "NO_AUTO_VALUE_ON_ZERO";
SET time_zone = "+00:00";


/*!40101 SET @OLD_CHARACTER_SET_CLIENT=@@CHARACTER_SET_CLIENT */;
/*!40101 SET @OLD_CHARACTER_SET_RESULTS=@@CHARACTER_SET_RESULTS */;
/*!40101 SET @OLD_COLLATION_CONNECTION=@@COLLATION_CONNECTION */;
/*!40101 SET NAMES utf8mb4 */;

--
-- Database: `omc_123`
--

-- --------------------------------------------------------

--
-- Table structure for table `designation_master`
--

CREATE TABLE `designation_master` (
  `designation_id` int(11) NOT NULL,
  `designation` text NOT NULL
) ENGINE=InnoDB DEFAULT CHARSET=latin1;

--
-- Dumping data for table `designation_master`
--

INSERT INTO `designation_master` (`designation_id`, `designation`) VALUES
(1, 'Office Superitendent'),
(3, 'Head Clerk'),
(4, 'Manager'),
(5, 'Upper Division Clerk'),
(6, 'Tax Daroga'),
(7, 'Accountant'),
(8, 'Octroi Superitendent'),
(9, 'Lower Division Clerk'),
(10, 'Cashier'),
(11, 'Typist'),
(12, 'Carriage Inspector'),
(13, 'Warrent Officer'),
(14, 'Light Inspector'),
(15, 'Librerian'),
(16, 'Birth/Death Registration Clerk'),
(17, 'N.A'),
(18, 'Assistant Octroi Superintendent'),
(19, 'License Inspector'),
(20, 'Store Keeper'),
(21, 'Octroi Inspector'),
(22, 'Tax Daroga Gr.II'),
(23, 'Sub-Assistant Engineer'),
(24, 'Establishment Officer'),
(25, 'P.A. To Chairman'),
(26, 'Stenographer Grade-I'),
(27, 'Stenographer Grade-II'),
(28, 'Stenographer Grade-III'),
(29, 'Daftry'),
(30, 'Treasury Sharkar'),
(31, 'Head Peon'),
(32, 'Jamadar'),
(33, 'Peon'),
(34, 'Process Server'),
(35, 'Choukidar'),
(36, 'Guard'),
(37, 'Gurkha Guard'),
(38, 'Tax Collector'),
(39, 'Tax Sarkar'),
(40, 'Octroi Tax Collector'),
(41, 'Octroi Moharir'),
(42, 'Fees Supervisor'),
(43, 'Moharir(Bill & License)'),
(44, 'License Supervisor'),
(45, 'Market Sharkar'),
(46, 'Market Fees Collector'),
(47, 'Fees Collector'),
(48, 'Assistant Tax Sarkar'),
(49, 'U.D Clerk'),
(50, 'Asst. Tax Daroga'),
(51, 'License Supervisor Cum-Tax Collector'),
(52, 'Sweepers');

-- --------------------------------------------------------

--
-- Table structure for table `district_master`
--

CREATE TABLE `district_master` (
  `district_id` int(11) NOT NULL,
  `district_name` text NOT NULL
) ENGINE=InnoDB DEFAULT CHARSET=latin1;

--
-- Dumping data for table `district_master`
--

INSERT INTO `district_master` (`district_id`, `district_name`) VALUES
(1, 'Anugul'),
(2, 'Bargarh'),
(3, 'Bhadrak'),
(4, 'Balasore'),
(5, 'Balangir'),
(6, 'Boudha'),
(7, 'Cuttack'),
(8, 'Deogarh'),
(9, 'Dhekhanal'),
(10, 'Gajapati'),
(11, 'Ganjam'),
(12, 'Jagatsinghpur'),
(13, 'jajpur'),
(14, 'Jharsuguda'),
(15, 'Kalahandi'),
(16, 'Kandhamal'),
(17, 'Kendrapara'),
(18, 'Keonjhar'),
(19, 'Khurda'),
(20, 'Koraput'),
(21, 'Malkangiri'),
(22, 'Mayurbhanj'),
(23, 'Nuapada'),
(24, 'Nabarangpur'),
(25, 'Nayagarh'),
(26, 'Puri'),
(27, 'Rayagada'),
(28, 'Sambalpur'),
(29, 'Subarnapur'),
(30, 'Sundargarh'),
(31, 'Phulbani');

-- --------------------------------------------------------

--
-- Table structure for table `document_master`
--

CREATE TABLE `document_master` (
  `document_id` int(11) NOT NULL,
  `document_name` text NOT NULL
) ENGINE=InnoDB DEFAULT CHARSET=latin1;

--
-- Dumping data for table `document_master`
--

INSERT INTO `document_master` (`document_id`, `document_name`) VALUES
(1, 'Xerox copy with attestation of death Certificate and legal heir certificate in Case of Family pension.'),
(2, 'Periodical Service Verification Certificate with seal and signature'),
(3, 'Period of suspension and its result to be recorded in Service Book'),
(4, 'The duly attested and counter checked Pay fixation statement by the District Audit office L.F.A'),
(5, 'Condomation of overage wanting Approved by the Council Resolution and approval of D.M.A'),
(6, 'Service interruption Certificate '),
(7, 'Attestation of joint single photograph'),
(8, 'No dues Certificate'),
(9, 'A Certificate as whether any Depil/Disiplinary/Vilgilance or criminal Proceeding if any may be required as per GO No 175/HUD. Dt 02.01.2003'),
(10, 'The last Pay certificate in OTC form'),
(11, 'Form-I and Form-II relating to Nomination for family pension and List of family members should be filled.'),
(12, 'In service death Form-XI addressed To the widow/widower.'),
(13, 'In case family pension SL.No 10 and SL.No 11 of Form XII i.e Attestation of two Gazetted Govt Servants or two more person of respectability of the area.'),
(14, 'The remarks of the Chairperson in Case of family pension with seal and Signature');

-- --------------------------------------------------------

--
-- Table structure for table `employee_table`
--

CREATE TABLE `employee_table` (
  `emp_id` int(11) NOT NULL,
  `name` text NOT NULL,
  `designation_id` int(11) NOT NULL,
  `villege_town` text,
  `city` text,
  `post` text,
  `police_station` text,
  `district_id` int(11) NOT NULL,
  `pin` int(11) DEFAULT NULL,
  `mobile` text,
  `email` text,
  `ulb_id` int(11) NOT NULL,
  `dob` date NOT NULL,
  `doj` date NOT NULL,
  `dor` date NOT NULL,
  `emp_status` text NOT NULL,
  `createdDate` date NOT NULL,
  `modifiedDate` date DEFAULT NULL,
  `isDeleted` tinyint(4) NOT NULL,
  `created_by` int(11) NOT NULL
) ENGINE=InnoDB DEFAULT CHARSET=latin1;

--
-- Dumping data for table `employee_table`
--

INSERT INTO `employee_table` (`emp_id`, `name`, `designation_id`, `villege_town`, `city`, `post`, `police_station`, `district_id`, `pin`, `mobile`, `email`, `ulb_id`, `dob`, `doj`, `dor`, `emp_status`, `createdDate`, `modifiedDate`, `isDeleted`, `created_by`) VALUES
(18, 'Smt. Mina Nathan', 17, NULL, NULL, NULL, NULL, 23, NULL, NULL, NULL, 93, '1955-07-01', '1982-05-20', '2016-06-30', 'Retired', '2016-08-26', NULL, 0, 14),
(19, 'Sarat Chandra Ghiwala', 17, NULL, NULL, NULL, NULL, 23, NULL, NULL, NULL, 93, '1947-06-30', '1971-03-11', '2005-06-30', 'Retired', '2016-08-26', NULL, 0, 14),
(20, 'Late-Banamali Rout', 17, NULL, NULL, NULL, NULL, 23, NULL, NULL, NULL, 93, '1960-05-02', '1979-02-17', '2003-08-03', 'Retired', '2016-08-26', NULL, 0, 14),
(21, 'Madhusudan Mohapatra', 17, NULL, NULL, NULL, NULL, 23, NULL, NULL, NULL, 93, '1951-02-01', '1972-07-29', '2009-01-31', 'Retired', '2016-08-26', NULL, 0, 14),
(22, 'Late-Binod Kumar Sendkar', 17, NULL, NULL, NULL, NULL, 23, NULL, NULL, NULL, 93, '1975-02-05', '1994-12-14', '2012-08-17', 'Retired', '2016-08-26', NULL, 0, 14),
(23, 'Smt.Padmini Bai', 17, NULL, NULL, NULL, NULL, 23, NULL, NULL, NULL, 93, '1942-05-23', '1965-09-01', '2002-05-31', 'Retired', '2016-08-26', NULL, 0, 14),
(24, 'Sri Rabi Rout', 17, NULL, NULL, NULL, NULL, 23, NULL, NULL, NULL, 93, '1942-11-04', '1971-08-17', '1998-02-28', 'Retired', '2016-08-26', NULL, 0, 14),
(25, 'Late-Betikhai Bai', 17, NULL, NULL, NULL, NULL, 23, NULL, NULL, NULL, 93, '1950-04-30', '1980-04-30', '2001-12-08', 'Retired', '2016-08-26', NULL, 0, 14),
(26, 'Late-Bhagatram Sao', 17, NULL, NULL, NULL, NULL, 23, NULL, NULL, NULL, 93, '1939-06-05', '1970-05-01', '1997-06-30', 'Retired', '2016-08-26', NULL, 0, 14),
(27, 'Late-Trilochan Suna', 17, NULL, NULL, NULL, NULL, 23, NULL, NULL, NULL, 93, '1945-11-05', '1970-02-03', '2001-12-08', 'Retired', '2016-08-26', NULL, 0, 14),
(28, 'Late-Ratha Ghasi', 17, NULL, NULL, NULL, NULL, 23, NULL, NULL, NULL, 93, '1968-02-16', '1993-03-10', '2003-03-01', 'Retired', '2016-08-26', NULL, 0, 14),
(29, 'Late-Dhuba Suna', 17, NULL, NULL, NULL, NULL, 5, NULL, NULL, NULL, 75, '1945-05-15', '1967-06-01', '1999-10-20', 'Retired', '2016-08-26', NULL, 0, 15),
(30, 'Late-Jagadananda Bag', 17, NULL, NULL, NULL, NULL, 5, NULL, NULL, NULL, 75, '1951-10-09', '1974-06-25', '2006-10-27', 'Retired', '2016-08-26', NULL, 0, 15),
(31, 'Smt. Subarna Suna', 17, NULL, NULL, NULL, NULL, 5, NULL, NULL, NULL, 75, '1938-07-01', '1958-06-01', '1989-04-03', 'Retired', '2016-08-26', NULL, 0, 15),
(32, 'Late-Pabitra Kumbhar', 17, NULL, NULL, NULL, NULL, 5, NULL, NULL, NULL, 75, '1969-03-31', '1990-04-01', '2000-03-07', 'Retired', '2016-08-26', NULL, 0, 15),
(33, 'Late-Kandarp Khamari', 17, NULL, NULL, NULL, NULL, 5, NULL, NULL, NULL, 75, '1950-09-11', '1973-03-03', '2003-10-19', 'Retired', '2016-08-26', NULL, 0, 15),
(34, 'Sri Kriti Chandra Mohakur', 17, NULL, NULL, NULL, NULL, 5, NULL, NULL, NULL, 75, '1948-09-15', '1972-03-16', '2006-09-30', 'Retired', '2016-08-26', NULL, 0, 15),
(35, 'Abhi Machhakhand', 17, NULL, NULL, NULL, NULL, 11, NULL, NULL, NULL, 23, '1957-03-31', '1990-04-01', '2001-09-27', 'Retired', '2016-08-26', NULL, 0, 58),
(36, 'Jage Bharsagar', 17, NULL, NULL, NULL, NULL, 5, NULL, NULL, NULL, 75, '1969-04-30', '1990-04-01', '2002-12-04', 'Retired', '2016-08-26', NULL, 0, 15),
(37, 'Sri Ram Prasad Bag', 17, NULL, NULL, NULL, NULL, 5, NULL, NULL, NULL, 75, '1948-04-22', '1985-01-18', '2008-04-30', 'Retired', '2016-08-26', NULL, 0, 15),
(38, 'Late-Lal Singh Thakur', 17, NULL, NULL, NULL, NULL, 5, NULL, NULL, NULL, 75, '1937-01-01', '1962-08-18', '1996-12-31', 'Retired', '2016-08-26', NULL, 0, 15),
(39, 'Late-Muralidhar Mohapatra', 17, NULL, NULL, NULL, NULL, 5, NULL, NULL, NULL, 75, '1951-04-03', '1974-06-26', '2005-02-11', 'Retired', '2016-08-26', NULL, 0, 15),
(40, 'Late-Gopinath Patra', 17, NULL, NULL, NULL, NULL, 5, NULL, NULL, NULL, 75, '1955-11-15', '1977-02-04', '2007-03-24', 'Retired', '2016-08-26', NULL, 0, 15),
(41, 'Sri Madhu Suna', 17, NULL, NULL, NULL, NULL, 5, NULL, NULL, NULL, 75, '1940-08-09', '1967-06-01', '2000-08-31', 'Retired', '2016-08-26', NULL, 0, 15),
(42, 'Kaita Bharsagar', 17, NULL, NULL, NULL, NULL, 5, NULL, NULL, NULL, 75, '1957-10-20', '1979-02-07', '2005-07-31', 'Retired', '2016-08-26', NULL, 0, 15),
(43, 'Ram Prasad Patra', 17, NULL, NULL, NULL, NULL, 5, NULL, NULL, NULL, 75, '1949-09-08', '1967-06-01', '1998-02-05', 'Retired', '2016-08-26', NULL, 0, 15),
(44, 'Smt. Sumitra Bharasagar', 17, NULL, NULL, NULL, NULL, 5, NULL, NULL, NULL, 75, '1925-07-01', '1960-04-01', '1985-07-01', 'Retired', '2016-08-26', NULL, 0, 15),
(45, 'Late-Dibakar Kumbhar', 17, NULL, NULL, NULL, NULL, 5, NULL, NULL, NULL, 75, '1955-10-05', '1977-02-04', '2007-09-05', 'Retired', '2016-08-26', NULL, 0, 15),
(46, 'Sri Gananath Samal', 17, NULL, NULL, NULL, NULL, 5, NULL, NULL, NULL, 75, '1949-06-04', '1972-03-27', '2007-06-30', 'Retired', '2016-08-26', NULL, 0, 15),
(47, 'Sri Asharam Behera', 17, NULL, NULL, NULL, NULL, 5, NULL, NULL, NULL, 75, '1940-06-05', '1962-02-07', '0000-00-00', 'Retired', '2016-08-26', NULL, 0, 15),
(48, 'Late-Hara Panchbihar', 17, NULL, NULL, NULL, NULL, 5, NULL, NULL, NULL, 75, '0000-00-00', '1996-12-02', '2004-11-27', 'Retired', '2016-08-26', NULL, 0, 15),
(49, 'Bholanath Patel', 17, NULL, NULL, NULL, NULL, 5, NULL, NULL, NULL, 75, '1954-06-10', '1977-08-26', '2012-06-30', 'Retired', '2016-08-26', NULL, 0, 15),
(50, 'Smt. Prema Mohanand', 17, NULL, NULL, NULL, NULL, 5, NULL, NULL, NULL, 77, '1953-11-28', '1985-03-29', '2014-02-28', 'Retired', '2016-08-26', NULL, 0, 16),
(51, 'Sri Ram Kumar Jal', 17, NULL, NULL, NULL, NULL, 5, NULL, NULL, NULL, 77, '1954-03-20', '1983-03-01', '2014-03-31', 'Retired', '2016-08-26', NULL, 0, 16),
(52, 'Hemant Ku. Behera', 17, NULL, NULL, NULL, NULL, 5, NULL, NULL, NULL, 77, '1956-02-17', '1992-06-01', '2014-02-28', 'Retired', '2016-08-26', NULL, 0, 16),
(53, 'Late-Laba Rout', 17, NULL, NULL, NULL, NULL, 5, NULL, NULL, NULL, 77, '1936-02-03', '1964-06-05', '1900-01-29', 'Retired', '2016-08-26', NULL, 0, 16),
(54, 'Smt. Chamaren Suna', 17, NULL, NULL, NULL, NULL, 5, NULL, NULL, NULL, 77, '1955-06-05', '1977-10-12', '2015-06-30', 'Retired', '2016-08-26', NULL, 0, 16),
(55, 'Sri Rudradhar Rout', 17, NULL, NULL, NULL, NULL, 5, NULL, NULL, NULL, 77, '1951-07-15', '1974-01-12', '2009-07-31', 'Retired', '2016-08-26', NULL, 0, 16),
(56, 'Daitari Suna', 17, NULL, NULL, NULL, NULL, 5, NULL, NULL, NULL, 77, '1939-01-06', '1956-07-01', '1999-01-31', 'Retired', '2016-08-26', NULL, 0, 16),
(57, 'Kandarp Machhakhandia', 17, NULL, NULL, NULL, NULL, 5, NULL, NULL, NULL, 77, '1937-02-12', '1966-08-21', '0000-00-00', 'Retired', '2016-08-26', NULL, 0, 16),
(58, 'Sri Gangadhar Jany', 17, NULL, NULL, NULL, NULL, 5, NULL, NULL, NULL, 77, '1937-12-29', '1969-07-08', '1997-12-31', 'Retired', '2016-08-26', NULL, 0, 16),
(59, 'Sri Ram Chandra Jany', 17, NULL, NULL, NULL, NULL, 24, NULL, NULL, NULL, 29, '1947-04-05', '1964-05-06', '2007-04-30', 'Retired', '2016-08-26', NULL, 0, 17),
(60, 'Late-Bishnu Naik', 17, NULL, NULL, NULL, NULL, 24, NULL, NULL, NULL, 29, '1974-07-20', '1994-08-06', '2012-08-23', 'Retired', '2016-08-26', NULL, 0, 17),
(61, 'Sri Mahendra Prasad Mahant', 17, NULL, NULL, NULL, NULL, 4, NULL, NULL, NULL, 34, '1955-04-15', '1981-01-01', '2015-04-30', 'Retired', '2016-08-26', NULL, 0, 18),
(62, 'Niranjan Malika', 17, NULL, NULL, NULL, NULL, 4, NULL, NULL, NULL, 34, '1954-09-23', '1975-04-26', '2014-09-30', 'Retired', '2016-08-26', NULL, 0, 18),
(63, 'Duryodhan Rout', 17, NULL, NULL, NULL, NULL, 2, NULL, NULL, NULL, 78, '1954-04-02', '1975-11-17', '2014-04-30', 'Retired', '2016-08-26', NULL, 0, 19),
(64, 'Sri Satrughana Gahir', 17, NULL, NULL, NULL, NULL, 2, NULL, NULL, NULL, 78, '1949-11-24', '2001-04-19', '2007-11-30', 'Retired', '2016-08-26', NULL, 0, 19),
(65, 'Sri Sanatan Behera', 17, NULL, NULL, NULL, NULL, 2, NULL, NULL, NULL, 78, '1955-02-04', '1989-02-01', '2015-02-28', 'Retired', '2016-08-26', NULL, 0, 19),
(66, 'Dillip Kumar Saraf', 17, NULL, NULL, NULL, NULL, 2, NULL, NULL, NULL, 78, '1956-11-04', '1975-11-17', '2014-11-30', 'Retired', '2016-08-26', NULL, 0, 19),
(67, 'Jhasketan Pradhan', 17, NULL, NULL, NULL, NULL, 2, NULL, NULL, NULL, 78, '1953-03-10', '1974-03-18', '2011-03-31', 'Retired', '2016-08-26', NULL, 0, 19),
(68, 'Sri Siba Prasad Mallik', 17, NULL, NULL, NULL, NULL, 3, NULL, NULL, NULL, 36, '1954-01-06', '1995-04-01', '2012-01-31', 'Retired', '2016-08-26', NULL, 0, 20),
(69, 'Sri Anadi Charan Lenka', 17, NULL, NULL, NULL, NULL, 3, NULL, NULL, NULL, 36, '1955-01-25', '1987-07-06', '2012-03-06', 'Retired', '2016-08-26', NULL, 0, 20),
(70, 'Sri Kamalakanta Nayak', 17, NULL, NULL, NULL, NULL, 3, NULL, NULL, NULL, 36, '1953-08-22', '1978-02-28', '2013-08-31', 'Retired', '2016-08-26', NULL, 0, 20),
(71, 'Sri Pitambar Panigrahi', 17, NULL, NULL, NULL, NULL, 3, NULL, NULL, NULL, 36, '1954-02-02', '1973-03-03', '2012-02-29', 'Retired', '2016-08-26', NULL, 0, 20),
(72, 'Late-Niranjan Mohakud', 17, NULL, NULL, NULL, NULL, 3, NULL, NULL, NULL, 36, '1972-06-20', '1996-11-01', '0000-00-00', 'Retired', '2016-08-26', NULL, 0, 20),
(73, 'Sri Kanhei Gochhayat', 17, NULL, NULL, NULL, NULL, 3, NULL, NULL, NULL, 36, '1945-02-05', '1975-11-15', '2005-02-28', 'Retired', '2016-08-26', NULL, 0, 20),
(74, 'Sri Ratnakar Das', 17, NULL, NULL, NULL, NULL, 3, NULL, NULL, NULL, 36, '1954-01-01', '1978-03-13', '2011-12-31', 'Retired', '2016-08-26', NULL, 0, 20),
(75, 'Balabant Mahant', 17, NULL, NULL, NULL, NULL, 3, NULL, NULL, NULL, 36, '1956-04-28', '1975-11-15', '2008-11-12', 'Retired', '2016-08-26', NULL, 0, 20),
(76, 'Ganesh Prasad Patra', 17, NULL, NULL, NULL, NULL, 3, NULL, NULL, NULL, 36, '1954-02-06', '1995-04-01', '2012-02-29', 'Retired', '2016-08-26', NULL, 0, 20),
(77, 'Sri Gourang Muduli', 17, NULL, NULL, NULL, NULL, 3, NULL, NULL, NULL, 36, '1952-07-21', '1978-03-13', '2012-07-31', 'Retired', '2016-08-26', NULL, 0, 20),
(78, 'Late-Bhaktabandhu Barik', 17, NULL, NULL, NULL, NULL, 2, NULL, NULL, NULL, 80, '1949-02-05', '1972-04-01', '2001-01-21', 'Retired', '2016-08-26', NULL, 0, 21),
(79, 'Late-Dhaleswar Behera', 17, NULL, NULL, NULL, NULL, 2, NULL, NULL, NULL, 80, '1956-01-25', '1976-02-07', '0000-00-00', 'Retired', '2016-08-26', NULL, 0, 21),
(80, 'Gopal Behera', 17, NULL, NULL, NULL, NULL, 4, NULL, NULL, NULL, 31, '1950-06-17', '1972-05-01', '2001-08-23', 'Retired', '2016-08-26', NULL, 0, 22),
(81, 'Late-Jayasingh Behera', 17, NULL, NULL, NULL, NULL, 4, NULL, NULL, NULL, 31, '1946-09-10', '1965-07-01', '1986-10-03', 'Retired', '2016-08-26', NULL, 0, 22),
(82, 'Late-Ram Chandra Panda', 17, NULL, NULL, NULL, NULL, 4, NULL, NULL, NULL, 31, '1965-09-29', '1997-08-03', '2004-10-31', 'Retired', '2016-08-26', NULL, 0, 22),
(83, 'Smt. Kamali Beherani ', 17, NULL, NULL, NULL, NULL, 4, NULL, NULL, NULL, 31, '1937-02-10', '1964-01-01', '1997-02-28', 'Retired', '2016-08-26', NULL, 0, 22),
(84, 'Late-Baishnab Behera', 17, NULL, NULL, NULL, NULL, 4, NULL, NULL, NULL, 31, '1956-04-21', '1980-05-21', '2012-03-18', 'Retired', '2016-08-26', NULL, 0, 22),
(85, 'Late-Pitambar Behera', 17, NULL, NULL, NULL, NULL, 4, NULL, NULL, NULL, 31, '1955-02-16', '1974-06-17', '2003-12-24', 'Retired', '2016-08-26', NULL, 0, 22),
(86, 'Late-Sri Deba Behera', 17, NULL, NULL, NULL, NULL, 4, NULL, NULL, NULL, 31, '1954-04-20', '1974-05-01', '2014-04-30', 'Retired', '2016-08-26', NULL, 0, 22),
(87, 'Late-Abhimanyu Behera', 17, NULL, NULL, NULL, NULL, 4, NULL, NULL, NULL, 31, '1960-11-27', '2012-09-04', '2012-09-05', 'Retired', '2016-08-26', NULL, 0, 22),
(88, 'Sri Bansidhar Behera', 17, NULL, NULL, NULL, NULL, 4, NULL, NULL, NULL, 31, '1954-11-23', '1974-05-01', '2014-11-30', 'Retired', '2016-08-26', NULL, 0, 22),
(89, 'Sri Nimai Gopal Singh', 17, NULL, NULL, NULL, NULL, 4, NULL, NULL, NULL, 31, '1954-10-11', '1983-02-08', '2012-10-31', 'Retired', '2016-08-26', NULL, 0, 22),
(90, 'Pagula Behera', 17, NULL, NULL, NULL, NULL, 4, NULL, NULL, NULL, 31, '1955-02-16', '1974-06-17', '2015-02-28', 'Retired', '2016-08-26', NULL, 0, 22),
(91, 'Late-Satrughana Behera', 17, NULL, NULL, NULL, NULL, 4, NULL, NULL, NULL, 31, '1950-02-09', '1971-09-07', '1996-07-03', 'Retired', '2016-08-26', NULL, 0, 22),
(92, 'Jyotsna Kanti Ghosh', 17, NULL, NULL, NULL, NULL, 4, NULL, NULL, NULL, 31, '1945-05-18', '1968-03-01', '2003-05-31', 'Retired', '2016-08-26', NULL, 0, 22),
(93, 'Late-Bansidhar Behera', 17, NULL, NULL, NULL, NULL, 4, NULL, NULL, NULL, 31, '1947-02-08', '1966-05-16', '2000-08-31', 'Retired', '2016-08-26', NULL, 0, 22),
(94, 'Late-Ganesh Chandra Dash', 17, NULL, NULL, NULL, NULL, 4, NULL, NULL, NULL, 31, '1927-11-16', '1959-11-22', '1985-11-30', 'Retired', '2016-08-26', NULL, 0, 22),
(95, 'Late-Khalia Behera', 17, NULL, NULL, NULL, NULL, 4, NULL, NULL, NULL, 31, '1954-08-18', '1976-09-01', '2011-08-28', 'Retired', '2016-08-26', NULL, 0, 22),
(96, 'Late-Parbasia Behera', 17, NULL, NULL, NULL, NULL, 4, NULL, NULL, NULL, 31, '1935-07-01', '1949-04-01', '1995-06-30', 'Retired', '2016-08-26', NULL, 0, 22),
(97, 'Late-Babu Behera', 17, NULL, NULL, NULL, NULL, 4, NULL, NULL, NULL, 31, '1953-01-20', '1974-05-01', '1988-12-26', 'Retired', '2016-08-26', NULL, 0, 22),
(98, 'Late-Sadar Behera', 17, NULL, NULL, NULL, NULL, 4, NULL, NULL, NULL, 31, '1951-05-22', '1972-05-01', '1990-01-06', 'Retired', '2016-08-26', NULL, 0, 22),
(99, 'Late Sitanath Pani', 17, NULL, NULL, NULL, NULL, 4, NULL, NULL, NULL, 31, '1942-02-16', '1964-11-16', '1900-07-17', 'Retired', '2016-08-26', NULL, 0, 22),
(100, 'Late Sana Behera', 17, NULL, NULL, NULL, NULL, 4, NULL, NULL, NULL, 31, '1961-02-10', '1999-02-05', '2004-09-11', 'Retired', '2016-08-26', NULL, 0, 22),
(101, 'Late- Shyam Sundar Hembram', 17, NULL, NULL, NULL, NULL, 4, NULL, NULL, NULL, 31, '1958-01-05', '1977-01-27', '1999-02-24', 'Retired', '2016-08-26', NULL, 0, 22),
(102, 'Late-Gour Mohan Rana', 17, NULL, NULL, NULL, NULL, 4, NULL, NULL, NULL, 31, '1942-07-05', '1962-01-03', '1999-03-06', 'Retired', '2016-08-26', NULL, 0, 22),
(103, 'Late-Sri Rasa Nayak', 17, NULL, NULL, NULL, NULL, 4, NULL, NULL, NULL, 31, '1954-04-15', '1974-05-01', '2014-04-30', 'Retired', '2016-08-26', NULL, 0, 22),
(104, 'Late-Smt. Saraswati Behera', 17, NULL, NULL, NULL, NULL, 4, NULL, NULL, NULL, 31, '1953-12-13', '1980-03-04', '2013-12-31', 'Retired', '2016-08-26', NULL, 0, 22),
(105, 'Smt. Bhama Beherani', 17, NULL, NULL, NULL, NULL, 4, NULL, NULL, NULL, 31, '1944-07-01', '1983-08-08', '2004-06-30', 'Retired', '2016-08-26', NULL, 0, 22),
(106, 'Smt. Ketuka Beherani', 17, NULL, NULL, NULL, NULL, 4, NULL, NULL, NULL, 31, '1940-02-29', '1958-04-01', '0000-00-00', 'Retired', '2016-08-26', NULL, 0, 22),
(107, 'Late-Rusia Behera', 17, NULL, NULL, NULL, NULL, 4, NULL, NULL, NULL, 31, '1950-02-28', '0000-00-00', '2001-06-18', 'Retired', '2016-08-26', NULL, 0, 22),
(108, 'Late-Narayan Tarai', 17, NULL, NULL, NULL, NULL, 4, NULL, NULL, NULL, 31, '1952-05-03', '1977-01-27', '2003-01-09', 'Retired', '2016-08-26', NULL, 0, 22),
(109, 'Late-Lingaraj Behera', 17, NULL, NULL, NULL, NULL, 4, NULL, NULL, NULL, 31, '1954-03-30', '1974-05-01', '2001-01-10', 'Retired', '2016-08-26', NULL, 0, 22),
(110, 'Late-Babula Behera', 17, NULL, NULL, NULL, NULL, 4, NULL, NULL, NULL, 31, '1955-02-02', '1976-01-01', '2001-07-12', 'Retired', '2016-08-26', NULL, 0, 22),
(111, 'Srinath Pattanaik', 17, NULL, NULL, NULL, NULL, 4, NULL, NULL, NULL, 31, '1937-12-15', '1959-04-09', '1997-01-31', 'Retired', '2016-08-26', NULL, 0, 22),
(112, 'Smt.Annapurna Beherani', 17, NULL, NULL, NULL, NULL, 4, NULL, NULL, NULL, 31, '1938-05-14', '1956-04-01', '1998-05-31', 'Retired', '2016-08-26', NULL, 0, 22),
(113, 'Late-Baneswar Dash', 17, NULL, NULL, NULL, NULL, 4, NULL, NULL, NULL, 31, '1953-06-02', '1972-11-30', '1998-12-21', 'Retired', '2016-08-26', NULL, 0, 22),
(114, 'Late-Sri Ankura Behera', 17, NULL, NULL, NULL, NULL, 4, NULL, NULL, NULL, 31, '1939-02-20', '1965-04-01', '2004-08-06', 'Retired', '2016-08-26', NULL, 0, 22),
(115, 'Late-Sri Karam Chand Dey', 17, NULL, NULL, NULL, NULL, 4, NULL, NULL, NULL, 31, '1949-02-28', '1972-03-31', '2007-02-28', 'Retired', '2016-08-26', NULL, 0, 22),
(116, 'Late-Kanka Majhi', 17, NULL, NULL, NULL, NULL, 4, NULL, NULL, NULL, 31, '1944-04-13', '1974-04-01', '1994-09-30', 'Retired', '2016-08-26', NULL, 0, 22),
(117, 'Late-Laxmi Behera', 17, NULL, NULL, NULL, NULL, 4, NULL, NULL, NULL, 31, '1952-01-19', '1974-01-07', '2011-08-10', 'Retired', '2016-08-26', NULL, 0, 22),
(118, 'Smt. Apa Beherani', 17, NULL, NULL, NULL, NULL, 4, NULL, NULL, NULL, 31, '1943-04-28', '1954-04-01', '2003-04-30', 'Retired', '2016-08-26', NULL, 0, 22),
(119, 'Late-Md. Nasim', 17, NULL, NULL, NULL, NULL, 4, NULL, NULL, NULL, 31, '1954-05-02', '1977-01-27', '2000-07-22', 'Retired', '2016-08-26', NULL, 0, 22),
(120, 'Anirudha Laxman', 17, NULL, NULL, NULL, NULL, 4, NULL, NULL, NULL, 31, '1955-12-07', '1976-03-01', '1998-03-07', 'Retired', '2016-08-26', NULL, 0, 22),
(121, 'Late-Niranjan Behera', 17, NULL, NULL, NULL, NULL, 4, NULL, NULL, NULL, 31, '1949-05-03', '1975-09-01', '2003-06-12', 'Retired', '2016-08-26', NULL, 0, 22),
(122, 'Late-Mana Behera', 17, NULL, NULL, NULL, NULL, 4, NULL, NULL, NULL, 31, '1938-07-19', '1956-04-01', '1998-07-31', 'Retired', '2016-08-26', NULL, 0, 22),
(123, 'Late-Niranjan Behera', 17, NULL, NULL, NULL, NULL, 4, NULL, NULL, NULL, 31, '1955-11-05', '1975-04-01', '2001-09-17', 'Retired', '2016-08-26', NULL, 0, 22),
(124, 'Sri Krupasindhu Barik', 17, NULL, NULL, NULL, NULL, 4, NULL, NULL, NULL, 31, '1938-10-30', '1958-01-09', '1998-10-31', 'Retired', '2016-08-26', NULL, 0, 22),
(125, 'Abdul Daud Khan', 17, NULL, NULL, NULL, NULL, 4, NULL, NULL, NULL, 31, '1949-10-05', '1972-05-10', '2001-05-15', 'Retired', '2016-08-26', NULL, 0, 22),
(126, 'Late-Dhanu Nayak', 17, NULL, NULL, NULL, NULL, 4, NULL, NULL, NULL, 31, '1937-04-24', '1966-06-10', '1997-04-30', 'Retired', '2016-08-26', NULL, 0, 22),
(127, 'Late-Balakrushna Naik', 17, NULL, NULL, NULL, NULL, 4, NULL, NULL, NULL, 31, '1976-09-21', '1956-09-09', '2002-07-28', 'Retired', '2016-08-26', NULL, 0, 22),
(128, 'Late-Narayan Chandra Das', 17, NULL, NULL, NULL, NULL, 4, NULL, NULL, NULL, 31, '1964-04-06', '1987-02-16', '1995-02-13', 'Retired', '2016-08-26', NULL, 0, 22),
(129, 'Late-Magini Behera', 17, NULL, NULL, NULL, NULL, 4, NULL, NULL, NULL, 31, '1935-11-03', '1962-06-01', '1994-12-09', 'Retired', '2016-08-26', NULL, 0, 22),
(130, 'Smt. Malati Beherani', 17, NULL, NULL, NULL, NULL, 4, NULL, NULL, NULL, 31, '1939-08-26', '1954-04-01', '1999-08-31', 'Retired', '2016-08-26', NULL, 0, 22),
(131, 'Late-Suren Behera', 17, NULL, NULL, NULL, NULL, 4, NULL, NULL, NULL, 31, '1961-07-20', '1983-08-08', '1986-07-15', 'Retired', '2016-08-26', NULL, 0, 22),
(132, 'Smt. Srimati Dei', 17, NULL, NULL, NULL, NULL, 3, NULL, NULL, NULL, 35, '1939-03-18', '1965-08-02', '1999-03-31', 'Retired', '2016-08-26', NULL, 0, 23),
(133, 'S.K Abdulla', 17, NULL, NULL, NULL, NULL, 3, NULL, NULL, NULL, 35, '1943-07-02', '1967-01-03', '2003-07-31', 'Retired', '2016-08-26', NULL, 0, 23),
(134, 'Daitari Charan Gharai', 17, NULL, NULL, NULL, NULL, 3, NULL, NULL, NULL, 35, '1955-05-01', '1983-08-22', '1984-04-05', 'Retired', '2016-08-26', NULL, 0, 23),
(135, 'Muralidhar Palai', 17, NULL, NULL, NULL, NULL, 3, NULL, NULL, NULL, 35, '1954-05-10', '1992-02-01', '2012-05-31', 'Retired', '2016-08-26', NULL, 0, 23),
(136, 'Ajaya Ku. Mohapatra', 17, NULL, NULL, NULL, NULL, 3, NULL, NULL, NULL, 35, '1952-04-20', '1973-05-18', '2012-04-30', 'Retired', '2016-08-26', NULL, 0, 23),
(137, 'Sri Nandi Nayak', 17, NULL, NULL, NULL, NULL, 3, NULL, NULL, NULL, 35, '1953-09-04', '1975-08-21', '2013-09-30', 'Retired', '2016-08-26', NULL, 0, 23),
(138, 'Smt. Ratani Dei', 17, NULL, NULL, NULL, NULL, 3, NULL, NULL, NULL, 35, '1945-03-09', '1973-01-08', '2005-03-31', 'Retired', '2016-08-26', NULL, 0, 23),
(139, 'Smt. Chanchala Dei', 17, NULL, NULL, NULL, NULL, 3, NULL, NULL, NULL, 35, '1954-03-24', '1975-08-21', '2014-03-31', 'Retired', '2016-08-26', NULL, 0, 23),
(140, 'Smt. Mani Dei', 17, NULL, NULL, NULL, NULL, 3, NULL, NULL, NULL, 35, '1951-09-06', '1983-09-01', '2001-02-13', 'Retired', '2016-08-26', NULL, 0, 23),
(141, 'Late-D.N Dutta', 17, NULL, NULL, NULL, NULL, 3, NULL, NULL, NULL, 35, '1930-09-13', '1960-05-08', '1988-09-30', 'Retired', '2016-08-26', NULL, 0, 23),
(142, 'Late-Laxman Naik', 17, NULL, NULL, NULL, NULL, 3, NULL, NULL, NULL, 35, '1939-04-18', '1967-05-11', '1994-12-13', 'Retired', '2016-08-26', NULL, 0, 23),
(143, 'Late-Nakhi Dei', 17, NULL, NULL, NULL, NULL, 3, NULL, NULL, NULL, 35, '1958-11-02', '1983-08-30', '2008-03-31', 'Retired', '2016-08-26', NULL, 0, 23),
(144, 'Sri Gobind Naik', 17, NULL, NULL, NULL, NULL, 3, NULL, NULL, NULL, 35, '1944-03-18', '1971-05-15', '2001-02-13', 'Retired', '2016-08-26', NULL, 0, 23),
(145, 'Sri Sambhu Charan Bej', 17, NULL, NULL, NULL, NULL, 3, NULL, NULL, NULL, 35, '1956-01-29', '1975-03-21', '2014-01-31', 'Retired', '2016-08-26', NULL, 0, 23),
(146, 'Smt. Dukhi Dei', 17, NULL, NULL, NULL, NULL, 3, NULL, NULL, NULL, 35, '1939-02-28', '1968-04-15', '1999-02-28', 'Retired', '2016-08-26', NULL, 0, 23),
(147, 'Smt. Ujala Dei', 17, NULL, NULL, NULL, NULL, 3, NULL, NULL, NULL, 35, '1948-05-17', '1978-06-08', '2008-05-31', 'Retired', '2016-08-26', NULL, 0, 23),
(148, 'S.K Anwar Hossain', 17, NULL, NULL, NULL, NULL, 3, NULL, NULL, NULL, 35, '1953-10-20', '1975-03-20', '2011-10-31', 'Retired', '2016-08-26', NULL, 0, 23),
(149, 'Sanyasi Naik', 17, NULL, NULL, NULL, NULL, 3, NULL, NULL, NULL, 35, '1953-06-17', '1974-06-08', '2013-06-30', 'Retired', '2016-08-26', NULL, 0, 23),
(150, 'Keshab Chandra Mallik', 17, NULL, NULL, NULL, NULL, 3, NULL, NULL, NULL, 35, '1954-04-14', '1973-05-18', '2012-04-30', 'Retired', '2016-08-26', NULL, 0, 23),
(151, 'Sri Kulamani Behera', 17, NULL, NULL, NULL, NULL, 3, NULL, NULL, NULL, 35, '1950-10-10', '1975-03-21', '2008-10-31', 'Retired', '2016-08-26', NULL, 0, 23),
(152, 'Sri Ajit Ku. Chand', 17, NULL, NULL, NULL, NULL, 3, NULL, NULL, NULL, 35, '1952-01-11', '1973-05-18', '2010-01-31', 'Retired', '2016-08-26', NULL, 0, 23),
(153, 'Late-S.K Abdulla', 17, NULL, NULL, NULL, NULL, 3, NULL, NULL, NULL, 35, '1943-07-02', '1967-01-03', '2003-07-31', 'Retired', '2016-08-26', NULL, 0, 23),
(154, 'Sri Mukund Ch. Behera', 17, NULL, NULL, NULL, NULL, 3, NULL, NULL, NULL, 35, '1952-02-16', '1973-05-19', '2010-02-28', 'Retired', '2016-08-26', NULL, 0, 23),
(155, 'Satyabrata Jena', 17, NULL, NULL, NULL, NULL, 3, NULL, NULL, NULL, 35, '1955-03-02', '1975-03-24', '2013-03-31', 'Retired', '2016-08-26', NULL, 0, 23),
(156, 'Sri Kasinath Das', 17, NULL, NULL, NULL, NULL, 3, NULL, NULL, NULL, 35, '1948-12-28', '1974-01-01', '2006-12-31', 'Retired', '2016-08-26', NULL, 0, 23),
(157, 'Sri Madan Mohan Mallick', 17, NULL, NULL, NULL, NULL, 3, NULL, NULL, NULL, 35, '1953-06-25', '1981-09-04', '2013-06-30', 'Retired', '2016-08-26', NULL, 0, 23),
(158, 'Late-Motilal Machhakhanda', 17, NULL, NULL, NULL, NULL, 5, NULL, NULL, NULL, 74, '1954-05-20', '1983-06-02', '2008-12-07', 'Retired', '2016-08-26', NULL, 0, 24),
(159, 'Sri Bhagaban Jal', 17, NULL, NULL, NULL, NULL, 5, NULL, NULL, NULL, 74, '1953-03-04', '1976-01-01', '2013-03-31', 'Retired', '2016-08-26', NULL, 0, 24),
(160, 'Lekra Harpal', 17, NULL, NULL, NULL, NULL, 5, NULL, NULL, NULL, 74, '1950-04-17', '1976-01-01', '2008-04-30', 'Retired', '2016-08-26', NULL, 0, 24),
(161, 'Late-Krushna Suna', 17, NULL, NULL, NULL, NULL, 5, NULL, NULL, NULL, 74, '1954-06-20', '1974-09-01', '1997-10-02', 'Retired', '2016-08-26', NULL, 0, 24),
(162, 'Late-Chintamani Dunguri', 17, NULL, NULL, NULL, NULL, 5, NULL, NULL, NULL, 74, '1933-01-25', '1959-12-26', '1993-01-31', 'Retired', '2016-08-26', NULL, 0, 24),
(163, 'Late-Haribandhu Paik', 17, NULL, NULL, NULL, NULL, 24, NULL, NULL, NULL, 30, '1952-08-24', '1974-12-08', '2012-03-28', 'Retired', '2016-08-26', NULL, 0, 25),
(164, 'Sri Bijaya Keshari Singh', 17, NULL, NULL, NULL, NULL, 24, NULL, NULL, NULL, 30, '1955-11-26', '1976-05-17', '2013-11-30', 'Retired', '2016-08-26', NULL, 0, 25),
(165, 'Sri Gopal Charan Behera', 17, NULL, NULL, NULL, NULL, 24, NULL, NULL, NULL, 30, '1948-10-01', '1971-07-22', '2006-09-30', 'Retired', '2016-08-26', NULL, 0, 25),
(166, 'Sri Raghunath Jena', 17, NULL, NULL, NULL, NULL, 24, NULL, NULL, NULL, 30, '1955-07-09', '1973-12-08', '2015-07-31', 'Retired', '2016-08-26', NULL, 0, 25),
(167, 'Late-Gobind Chandra Gouda', 17, NULL, NULL, NULL, NULL, 24, NULL, NULL, NULL, 30, '1954-07-01', '1974-08-14', '2010-04-15', 'Retired', '2016-08-26', NULL, 0, 25),
(168, 'Late-Jayananda Tanty', 17, NULL, NULL, NULL, NULL, 30, NULL, NULL, NULL, 50, '1939-05-29', '1966-05-10', '1994-12-03', 'Retired', '2016-08-26', NULL, 0, 26),
(169, 'Late-Parikhit Bhoi', 17, NULL, NULL, NULL, NULL, 30, NULL, NULL, NULL, 50, '1931-11-01', '1966-09-24', '1991-10-31', 'Retired', '2016-08-26', NULL, 0, 26),
(170, 'Late-Srikara Bhoi', 17, NULL, NULL, NULL, NULL, 30, NULL, NULL, NULL, 50, '1942-01-26', '1967-05-24', '2007-12-07', 'Retired', '2016-08-26', NULL, 0, 26),
(171, 'Late-Hari Ghasi', 17, NULL, NULL, NULL, NULL, 30, NULL, NULL, NULL, 50, '1926-01-16', '1965-03-01', '1984-01-31', 'Retired', '2016-08-26', NULL, 0, 26),
(172, 'Sri Bhubaneswar Patel', 17, NULL, NULL, NULL, NULL, 30, NULL, NULL, NULL, 50, '1955-10-01', '1980-06-01', '2013-09-30', 'Retired', '2016-08-26', NULL, 0, 26),
(173, 'Sri Gobardhan Bhaisal', 17, NULL, NULL, NULL, NULL, 30, NULL, NULL, NULL, 50, '1947-03-02', '1972-01-01', '2005-03-31', 'Retired', '2016-08-26', NULL, 0, 26),
(174, 'Late-Jagadish Sharma', 17, NULL, NULL, NULL, NULL, 30, NULL, NULL, NULL, 50, '1952-11-14', '1980-06-01', '1994-05-14', 'Retired', '2016-08-26', NULL, 0, 26),
(175, 'Sri Jhosindra  Naik', 17, NULL, NULL, NULL, NULL, 30, NULL, NULL, NULL, 50, '1945-03-04', '1966-11-06', '2003-03-31', 'Retired', '2016-08-26', NULL, 0, 26),
(176, 'Late-Gourang Pradhan', 17, NULL, NULL, NULL, NULL, 30, NULL, NULL, NULL, 50, '1947-09-29', '1964-05-01', '2006-11-08', 'Retired', '2016-08-26', NULL, 0, 26),
(177, 'Late-Debraj Dash', 17, NULL, NULL, NULL, NULL, 5, NULL, NULL, NULL, 76, '1952-05-20', '1980-08-11', '2008-05-09', 'Retired', '2016-08-26', NULL, 0, 27),
(178, 'Sri Munu Kumar Behera', 17, NULL, NULL, NULL, NULL, 6, NULL, NULL, NULL, 54, '1949-08-13', '1971-06-01', '2009-08-31', 'Retired', '2016-08-26', NULL, 0, 28),
(179, 'Sri Purna  Chandra Mishra', 17, NULL, NULL, NULL, NULL, 24, NULL, NULL, NULL, 30, '1946-02-01', '1977-06-25', '2002-11-03', 'Retired', '2016-08-26', NULL, 0, 25),
(180, 'Late-Sitaram Mochi', 17, NULL, NULL, NULL, NULL, 30, NULL, NULL, NULL, 49, '1967-05-16', '1993-08-03', '2002-08-13', 'Retired', '2016-08-26', NULL, 0, 29),
(181, 'Late-Gaja Ghasi', 17, NULL, NULL, NULL, NULL, 30, NULL, NULL, NULL, 49, '1955-10-09', '1971-07-15', '2001-07-27', 'Retired', '2016-08-26', NULL, 0, 29),
(182, 'Late -Sundoro Ghasi', 17, NULL, NULL, NULL, NULL, 30, NULL, NULL, NULL, 49, '1955-06-15', '1971-07-15', '1998-11-30', 'Retired', '2016-08-26', NULL, 0, 29),
(183, 'Smt. Mono Ghasioni', 17, NULL, NULL, NULL, NULL, 30, NULL, NULL, NULL, 49, '1940-09-01', '1964-09-01', '2000-08-31', 'Retired', '2016-08-26', NULL, 0, 29),
(184, 'Late-Bhukuru Ghasi', 17, NULL, NULL, NULL, NULL, 30, NULL, NULL, NULL, 49, '1955-07-01', '1974-09-22', '2000-04-11', 'Retired', '2016-08-26', NULL, 0, 29),
(185, 'Late-Kalakar Ghasi', 17, NULL, NULL, NULL, NULL, 30, NULL, NULL, NULL, 49, '1940-01-05', '1964-10-14', '2000-01-31', 'Retired', '2016-08-26', NULL, 0, 29),
(186, 'Late-Mangar Ghasi', 17, NULL, NULL, NULL, NULL, 30, NULL, NULL, NULL, 49, '1959-12-12', '1981-05-02', '2002-11-17', 'Retired', '2016-08-26', NULL, 0, 29),
(187, 'Late-Jethu Ghasi', 17, NULL, NULL, NULL, NULL, 30, NULL, NULL, NULL, 49, '1936-12-05', '1970-04-04', '1991-08-20', 'Retired', '2016-08-26', NULL, 0, 29),
(188, 'Late-Benu Ghasi', 17, NULL, NULL, NULL, NULL, 30, NULL, NULL, NULL, 49, '1954-10-10', '1972-12-01', '1995-07-27', 'Retired', '2016-08-26', NULL, 0, 29),
(189, 'Late-Baneswar Goud', 17, NULL, NULL, NULL, NULL, 30, NULL, NULL, NULL, 49, '1952-02-06', '1970-04-15', '1997-11-01', 'Retired', '2016-08-26', NULL, 0, 29),
(190, 'Sakhia Pan', 17, NULL, NULL, NULL, NULL, 30, NULL, NULL, NULL, 49, '1935-07-01', '1967-05-01', '1995-06-30', 'Retired', '2016-08-26', NULL, 0, 29),
(191, 'Late-Asnaf Khan', 17, NULL, NULL, NULL, NULL, 30, NULL, NULL, NULL, 49, '1928-12-31', '1968-05-01', '1988-12-31', 'Retired', '2016-08-26', NULL, 0, 29),
(192, 'Late-Badababu Ghasi', 17, NULL, NULL, NULL, NULL, 30, NULL, NULL, NULL, 49, '1949-12-30', '1969-11-15', '2000-10-03', 'Retired', '2016-08-26', NULL, 0, 29),
(193, 'Late-Ramdeo Thakur', 17, NULL, NULL, NULL, NULL, 30, NULL, NULL, NULL, 49, '1962-10-05', '1990-03-07', '1996-12-15', 'Retired', '2016-08-26', NULL, 0, 29),
(194, 'Late-Md. Fateh', 17, NULL, NULL, NULL, NULL, 30, NULL, NULL, NULL, 49, '1961-02-15', '1988-05-06', '1993-05-14', 'Retired', '2016-08-26', NULL, 0, 29),
(195, 'Late-Krishnalal Singh', 17, NULL, NULL, NULL, NULL, 30, NULL, NULL, NULL, 49, '1956-05-05', '1983-04-08', '2001-01-26', 'Retired', '2016-08-26', NULL, 0, 29),
(196, 'Late-Prasanna Kumar Parida', 17, NULL, NULL, NULL, NULL, 30, NULL, NULL, NULL, 49, '1968-05-01', '1995-06-07', '1995-06-07', 'Retired', '2016-08-26', NULL, 0, 29),
(197, 'Late-Sukru Ghasi', 17, NULL, NULL, NULL, NULL, 30, NULL, NULL, NULL, 49, '1951-09-05', '1969-11-22', '1995-06-13', 'Retired', '2016-08-26', NULL, 0, 29),
(198, 'Late-Ashok Chhura', 17, NULL, NULL, NULL, NULL, 30, NULL, NULL, NULL, 49, '1968-05-15', '1992-09-14', '2009-10-05', 'Retired', '2016-08-26', NULL, 0, 29),
(199, 'Sri Pitambar Mallick', 17, NULL, NULL, NULL, NULL, 30, NULL, NULL, NULL, 49, '1950-08-02', '1968-02-15', '2008-08-31', 'Retired', '2016-08-26', NULL, 0, 29),
(200, 'Late-Kanhu Ch. Dixit', 17, NULL, NULL, NULL, NULL, 30, NULL, NULL, NULL, 49, '1951-07-29', '1970-05-25', '2009-02-10', 'Retired', '2016-08-26', NULL, 0, 29),
(201, 'Sri Krishna Chandra Mishra', 17, NULL, NULL, NULL, NULL, 30, NULL, NULL, NULL, 49, '1942-10-13', '1972-12-07', '2005-10-31', 'Retired', '2016-08-26', NULL, 0, 29),
(202, 'Sri Badha Kishar', 17, NULL, NULL, NULL, NULL, 30, NULL, NULL, NULL, 49, '1954-08-12', '1981-01-02', '2014-08-31', 'Retired', '2016-08-26', NULL, 0, 29),
(203, 'Sri Gadadhar Naik', 17, NULL, NULL, NULL, NULL, 19, NULL, NULL, NULL, 83, '1943-04-01', '1971-01-13', '2003-03-31', 'Retired', '2016-08-26', NULL, 0, 30),
(204, 'Late-Sudarsan Majhi', 17, NULL, NULL, NULL, NULL, 19, NULL, NULL, NULL, 83, '1947-05-16', '1967-11-24', '2000-11-04', 'Retired', '2016-08-26', NULL, 0, 30),
(205, 'Late-Laxmidhar Parida', 17, NULL, NULL, NULL, NULL, 19, NULL, NULL, NULL, 83, '1943-08-23', '1972-01-15', '2002-02-15', 'Retired', '2016-08-26', NULL, 0, 30),
(206, 'Sri Sibaprasad Mohanty', 17, NULL, NULL, NULL, NULL, 19, NULL, NULL, NULL, 83, '1942-10-05', '1971-06-28', '2002-10-31', 'Retired', '2016-08-26', NULL, 0, 30),
(207, 'Smt. China Dei', 17, NULL, NULL, NULL, NULL, 19, NULL, NULL, NULL, 83, '1944-07-01', '1961-12-25', '2004-06-30', 'Retired', '2016-08-26', NULL, 0, 30),
(208, 'Smt. Kusuma Dei', 17, NULL, NULL, NULL, NULL, 19, NULL, NULL, NULL, 83, '1937-07-01', '1957-05-10', '1997-06-30', 'Retired', '2016-08-26', NULL, 0, 30),
(209, 'Ghanashyam Pattanaik', 17, NULL, NULL, NULL, NULL, 19, NULL, NULL, NULL, 83, '1954-11-11', '1978-02-13', '2014-11-30', 'Retired', '2016-08-26', NULL, 0, 30),
(210, 'Late-Rohini Dei', 17, NULL, NULL, NULL, NULL, 19, NULL, NULL, NULL, 83, '1958-12-24', '1994-01-17', '2000-07-22', 'Retired', '2016-08-26', NULL, 0, 30),
(211, 'Sri Nityananda Chhotray', 17, NULL, NULL, NULL, NULL, 19, NULL, NULL, NULL, 83, '1951-10-05', '1975-10-01', '2009-10-31', 'Retired', '2016-08-26', NULL, 0, 30),
(212, 'Sri Gatikrishna Behera', 17, NULL, NULL, NULL, NULL, 19, NULL, NULL, NULL, 83, '1954-08-13', '1978-02-14', '2014-08-31', 'Retired', '2016-08-26', NULL, 0, 30),
(213, 'Kamalakanta Parida', 17, NULL, NULL, NULL, NULL, 19, NULL, NULL, NULL, 83, '1955-07-04', '1981-05-08', '2013-08-31', 'Retired', '2016-08-26', NULL, 0, 30),
(214, 'Late-Madhusudan Panigrahi', 17, NULL, NULL, NULL, NULL, 19, NULL, NULL, NULL, 83, '1960-06-05', '1983-02-09', '2013-08-05', 'Retired', '2016-08-26', NULL, 0, 30),
(215, 'Sri Dayanidhi Mohanty', 17, NULL, NULL, NULL, NULL, 19, NULL, NULL, NULL, 83, '1948-09-01', '1975-12-06', '2006-08-31', 'Retired', '2016-08-26', NULL, 0, 30),
(216, 'Smt. Pramila Sahoo', 17, NULL, NULL, NULL, NULL, 19, NULL, NULL, NULL, 83, '1938-10-13', '1966-03-09', '1996-10-31', 'Retired', '2016-08-26', NULL, 0, 30),
(217, 'Late-B.Gopal', 17, NULL, NULL, NULL, NULL, 19, NULL, NULL, NULL, 83, '1964-03-11', '1996-03-13', '2001-04-28', 'Retired', '2016-08-26', NULL, 0, 30),
(218, 'Sri Benudhar Panda', 17, NULL, NULL, NULL, NULL, 19, NULL, NULL, NULL, 83, '1954-02-08', '1978-09-03', '2012-02-29', 'Retired', '2016-08-26', NULL, 0, 30),
(219, 'Sri Gobind Chandra Barik', 17, NULL, NULL, NULL, NULL, 19, NULL, NULL, NULL, 83, '1951-03-01', '1973-01-01', '2011-02-28', 'Retired', '2016-08-26', NULL, 0, 30),
(220, 'Urmila Kumari Mishra', 17, NULL, NULL, NULL, NULL, 19, NULL, NULL, NULL, 83, '1936-08-22', '1961-09-08', '1996-08-31', 'Retired', '2016-08-26', NULL, 0, 30),
(221, 'Smt. Ani Dei', 17, NULL, NULL, NULL, NULL, 19, NULL, NULL, NULL, 83, '1947-07-01', '1964-07-14', '2007-06-30', 'Retired', '2016-08-26', NULL, 0, 30),
(222, 'Late-Surendra Naik', 17, NULL, NULL, NULL, NULL, 19, NULL, NULL, NULL, 83, '1955-08-07', '1979-08-08', '2010-04-13', 'Retired', '2016-08-26', NULL, 0, 30),
(223, 'Laxmidhar Paikray', 17, NULL, NULL, NULL, NULL, 19, NULL, NULL, NULL, 83, '1948-05-01', '1974-09-23', '1930-04-06', 'Retired', '2016-08-26', NULL, 0, 30),
(224, 'M.D. Hanif', 17, NULL, NULL, NULL, NULL, 19, NULL, NULL, NULL, 83, '1954-06-23', '1978-02-17', '2014-06-30', 'Retired', '2016-08-26', NULL, 0, 30),
(225, 'Sri Batakrushna Barik', 17, NULL, NULL, NULL, NULL, 19, NULL, NULL, NULL, 83, '1953-07-20', '1978-02-10', '2013-07-31', 'Retired', '2016-08-26', NULL, 0, 30),
(226, 'Anil Kumar Singhray', 17, NULL, NULL, NULL, NULL, 19, NULL, NULL, NULL, 83, '1956-03-01', '1982-02-08', '2014-02-28', 'Retired', '2016-08-26', NULL, 0, 30),
(227, 'Smt.Aparna Chayani', 17, NULL, NULL, NULL, NULL, 19, NULL, NULL, NULL, 83, '1955-02-08', '1976-06-01', '2013-02-28', 'Retired', '2016-08-26', NULL, 0, 30),
(228, 'Smt. Pramila Dei', 17, NULL, NULL, NULL, NULL, 19, NULL, NULL, NULL, 83, '1953-07-01', '1975-07-08', '2013-06-30', 'Retired', '2016-08-26', NULL, 0, 30),
(229, 'Late-Debendra Nath Mishra', 17, NULL, NULL, NULL, NULL, 19, NULL, NULL, NULL, 83, '1957-07-27', '1994-11-15', '2010-12-02', 'Retired', '2016-08-26', NULL, 0, 30),
(230, 'Sri Gadadhar Bhatta', 17, NULL, NULL, NULL, NULL, 19, NULL, NULL, NULL, 83, '1954-03-07', '1977-08-09', '2012-03-31', 'Retired', '2016-08-26', NULL, 0, 30),
(231, 'Sri Basudev Nayak', 17, NULL, NULL, NULL, NULL, 19, NULL, NULL, NULL, 83, '1956-02-09', '1981-04-20', '2014-02-28', 'Retired', '2016-08-26', NULL, 0, 30),
(232, 'Smt. Gunei Dei', 17, NULL, NULL, NULL, NULL, 19, NULL, NULL, NULL, 83, '1943-08-12', '1964-11-03', '2003-08-31', 'Retired', '2016-08-26', NULL, 0, 30),
(233, 'Sri Gobind Naik', 17, NULL, NULL, NULL, NULL, 19, NULL, NULL, NULL, 83, '1953-07-01', '1975-07-08', '2013-06-30', 'Retired', '2016-08-26', NULL, 0, 30),
(234, 'Late-Bhabani Barik', 17, NULL, NULL, NULL, NULL, 19, NULL, NULL, NULL, 83, '1967-03-18', '1997-03-17', '2012-03-01', 'Retired', '2016-08-26', NULL, 0, 30),
(235, 'Sri Udaya  Naik', 17, NULL, NULL, NULL, NULL, 19, NULL, NULL, NULL, 83, '1953-06-11', '1971-07-07', '2011-06-30', 'Retired', '2016-08-26', NULL, 0, 30),
(236, 'Smt. Laxmipriya Rout', 17, NULL, NULL, NULL, NULL, 19, NULL, NULL, NULL, 83, '1953-06-04', '1978-03-15', '2013-06-30', 'Retired', '2016-08-26', NULL, 0, 30),
(237, 'Late-Sri Jogi Naik', 17, NULL, NULL, NULL, NULL, 19, NULL, NULL, NULL, 83, '1940-07-01', '1963-09-08', '2000-06-30', 'Retired', '2016-08-26', NULL, 0, 30),
(238, 'Sri Gurubari Naik', 17, NULL, NULL, NULL, NULL, 19, NULL, NULL, NULL, 83, '1946-07-01', '1965-05-01', '2006-06-30', 'Retired', '2016-08-26', NULL, 0, 30),
(239, 'Sri Sudarsan Ghadei', 17, NULL, NULL, NULL, NULL, 19, NULL, NULL, NULL, 83, '1943-07-01', '1967-02-10', '2003-06-30', 'Retired', '2016-08-26', NULL, 0, 30),
(240, 'Smt. Phula Dei', 17, NULL, NULL, NULL, NULL, 19, NULL, NULL, NULL, 83, '1940-07-01', '1961-12-25', '2000-06-30', 'Retired', '2016-08-26', NULL, 0, 30),
(241, 'Smt. Basanti Kumari Malla', 17, NULL, NULL, NULL, NULL, 19, NULL, NULL, NULL, 83, '1948-01-15', '1975-09-17', '2006-01-31', 'Retired', '2016-08-26', NULL, 0, 30),
(242, 'Late-Abhaya Kumar Rout', 17, NULL, NULL, NULL, NULL, 19, NULL, NULL, NULL, 83, '1900-01-00', '1998-06-10', '2002-03-30', 'Retired', '2016-08-26', NULL, 0, 30),
(243, 'Sri Matia Nayak', 17, NULL, NULL, NULL, NULL, 19, NULL, NULL, NULL, 83, '1953-07-01', '1975-10-09', '2013-06-30', 'Retired', '2016-08-26', NULL, 0, 30),
(244, 'Smt. Labanya Dei', 17, NULL, NULL, NULL, NULL, 19, NULL, NULL, NULL, 83, '1952-07-01', '1975-10-09', '2012-06-30', 'Retired', '2016-08-26', NULL, 0, 30),
(245, 'Sri Damodar Naik', 17, NULL, NULL, NULL, NULL, 19, NULL, NULL, NULL, 83, '1953-07-01', '1975-07-07', '2013-06-30', 'Retired', '2016-08-26', NULL, 0, 30),
(246, 'Sri Gandharb Beheraf', 17, NULL, NULL, NULL, NULL, 19, NULL, NULL, NULL, 83, '1953-01-20', '1978-02-13', '2013-01-31', 'Retired', '2016-08-26', NULL, 0, 30),
(247, 'Sri Jharia Naik', 17, NULL, NULL, NULL, NULL, 19, NULL, NULL, NULL, 83, '1951-07-01', '1975-07-07', '2011-06-30', 'Retired', '2016-08-26', NULL, 0, 30),
(248, 'Late-Sri Jagannath Naik', 17, NULL, NULL, NULL, NULL, 19, NULL, NULL, NULL, 83, '1950-07-01', '1975-10-09', '2013-11-28', 'Retired', '2016-08-26', NULL, 0, 30),
(249, 'Smt. Keli Dei', 17, NULL, NULL, NULL, NULL, 19, NULL, NULL, NULL, 83, '1953-07-01', '1975-10-09', '2013-06-30', 'Retired', '2016-08-26', NULL, 0, 30),
(250, 'Late-Sridhar Naik', 17, NULL, NULL, NULL, NULL, 19, NULL, NULL, NULL, 83, '1955-05-27', '1983-06-14', '2011-06-22', 'Retired', '2016-08-26', NULL, 0, 30),
(251, 'Smt. Nayani Dei', 17, NULL, NULL, NULL, NULL, 19, NULL, NULL, NULL, 83, '1936-07-01', '1953-11-15', '1996-06-30', 'Retired', '2016-08-26', NULL, 0, 30),
(252, 'Smt. Narakhari Dei', 17, NULL, NULL, NULL, NULL, 19, NULL, NULL, NULL, 83, '1946-10-02', '1967-02-09', '2006-10-31', 'Retired', '2016-08-26', NULL, 0, 30),
(253, 'Dr. Subash Chandra Mishra', 17, NULL, NULL, NULL, NULL, 19, NULL, NULL, NULL, 83, '1948-04-01', '1980-02-06', '2006-03-31', 'Retired', '2016-08-26', NULL, 0, 30),
(254, 'Smt. Basant Kumari Mohanty', 17, NULL, NULL, NULL, NULL, 19, NULL, NULL, NULL, 83, '1944-11-21', '1967-12-28', '2004-11-30', 'Retired', '2016-08-26', NULL, 0, 30),
(255, 'Sri Sudhakar Mantri', 17, NULL, NULL, NULL, NULL, 19, NULL, NULL, NULL, 83, '1950-01-07', '1970-06-05', '2008-01-31', 'Retired', '2016-08-26', NULL, 0, 30),
(256, 'Sri Agadhu Charan Mekap', 17, NULL, NULL, NULL, NULL, 19, NULL, NULL, NULL, 83, '1943-01-01', '1964-11-21', '2000-12-31', 'Retired', '2016-08-26', NULL, 0, 30),
(257, 'Sri Gandharb Naik', 17, NULL, NULL, NULL, NULL, 19, NULL, NULL, NULL, 83, '1952-12-25', '1979-07-26', '2012-12-31', 'Retired', '2016-08-26', NULL, 0, 30),
(258, 'Smt. Bhabani Dei', 17, NULL, NULL, NULL, NULL, 19, NULL, NULL, NULL, 83, '1971-08-02', '1953-07-01', '2013-06-30', 'Retired', '2016-08-26', NULL, 0, 30),
(259, 'Sri Sukant Ku. Sahoo', 17, NULL, NULL, NULL, NULL, 19, NULL, NULL, NULL, 83, '1955-07-21', '1981-05-16', '2013-07-31', 'Retired', '2016-08-26', NULL, 0, 30),
(260, 'Late-Naru Naik', 17, NULL, NULL, NULL, NULL, 19, NULL, NULL, NULL, 83, '1969-02-08', '1999-07-12', '2006-08-29', 'Retired', '2016-08-26', NULL, 0, 30),
(261, 'Smt. Kuntala Dei', 17, NULL, NULL, NULL, NULL, 19, NULL, NULL, NULL, 83, '1948-04-11', '1971-08-02', '2008-04-30', 'Retired', '2016-08-26', NULL, 0, 30),
(262, 'Purna Ch. Mohanty', 17, NULL, NULL, NULL, NULL, 19, NULL, NULL, NULL, 83, '1939-11-16', '1973-11-08', '1997-11-30', 'Retired', '2016-08-26', NULL, 0, 30),
(263, 'Smt. Rama Dei', 17, NULL, NULL, NULL, NULL, 19, NULL, NULL, NULL, 83, '1953-07-01', '1975-10-09', '2013-06-30', 'Retired', '2016-08-26', NULL, 0, 30),
(264, 'Sri Binayak Ratha', 17, NULL, NULL, NULL, NULL, 19, NULL, NULL, NULL, 83, '1948-06-08', '1967-05-01', '2006-06-30', 'Retired', '2016-08-26', NULL, 0, 30),
(265, 'Sri Baidhar Mohapatra', 17, NULL, NULL, NULL, NULL, 19, NULL, NULL, NULL, 83, '1954-05-18', '1978-02-10', '2014-05-31', 'Retired', '2016-08-26', NULL, 0, 30),
(266, 'Late-Bijaya Das', 17, NULL, NULL, NULL, NULL, 19, NULL, NULL, NULL, 83, '1947-08-29', '1965-05-24', '2005-08-31', 'Retired', '2016-08-26', NULL, 0, 30),
(267, 'Late-Ullash Naik', 17, NULL, NULL, NULL, NULL, 19, NULL, NULL, NULL, 83, '1961-03-03', '1980-09-08', '2010-08-21', 'Retired', '2016-08-26', NULL, 0, 30),
(268, 'Sri Subal Ghadei', 17, NULL, NULL, NULL, NULL, 19, NULL, NULL, NULL, 83, '1944-07-01', '1966-01-16', '2004-06-30', 'Retired', '2016-08-26', NULL, 0, 30),
(269, 'Smt. Sakuntala Kalyani', 17, NULL, NULL, NULL, NULL, 19, NULL, NULL, NULL, 83, '1952-07-01', '1971-06-10', '2012-06-30', 'Retired', '2016-08-26', NULL, 0, 30),
(270, 'Smt. Saje Dei', 17, NULL, NULL, NULL, NULL, 19, NULL, NULL, NULL, 83, '1951-07-01', '1975-07-07', '2011-06-30', 'Retired', '2016-08-26', NULL, 0, 30),
(271, 'Smt. Labanya Dei', 17, NULL, NULL, NULL, NULL, 19, NULL, NULL, NULL, 83, '1945-07-01', '1975-10-10', '2005-06-30', 'Retired', '2016-08-26', NULL, 0, 30),
(272, 'Sri Ganapati Naik', 17, NULL, NULL, NULL, NULL, 19, NULL, NULL, NULL, 83, '1946-03-11', '1996-03-12', '2006-03-31', 'Retired', '2016-08-26', NULL, 0, 30),
(273, 'Sri Lingaraj Naik', 17, NULL, NULL, NULL, NULL, 19, NULL, NULL, NULL, 83, '1954-07-01', '1977-06-06', '2012-06-30', 'Retired', '2016-08-26', NULL, 0, 30),
(274, 'Sri Kailash Bhoi', 17, NULL, NULL, NULL, NULL, 19, NULL, NULL, NULL, 83, '1952-11-21', '1978-11-21', '2012-11-30', 'Retired', '2016-08-26', NULL, 0, 30),
(275, 'Smt. Susila Dei', 17, NULL, NULL, NULL, NULL, 19, NULL, NULL, NULL, 83, '1947-07-01', '1975-07-07', '2007-06-30', 'Retired', '2016-08-26', NULL, 0, 30),
(276, 'Smt. Labanya Bewa', 17, NULL, NULL, NULL, NULL, 19, NULL, NULL, NULL, 83, '1947-07-01', '1975-07-07', '2007-06-30', 'Retired', '2016-08-26', NULL, 0, 30),
(277, 'Sri Sarat Chandra Routaray', 17, NULL, NULL, NULL, NULL, 7, NULL, NULL, NULL, 40, '1953-01-27', '1974-03-01', '2011-01-31', 'Retired', '2016-08-26', NULL, 0, 31),
(278, 'Sri Sapani Charan Nayak', 17, NULL, NULL, NULL, NULL, 7, NULL, NULL, NULL, 40, '1950-12-20', '1974-12-14', '2010-12-31', 'Retired', '2016-08-26', NULL, 0, 31),
(279, 'Sri Khetrabasi Biswal', 17, NULL, NULL, NULL, NULL, 7, NULL, NULL, NULL, 40, '1951-10-11', '1973-02-17', '2011-10-31', 'Retired', '2016-08-26', NULL, 0, 31),
(280, 'Sri Ramchandra Sahoo', 17, NULL, NULL, NULL, NULL, 7, NULL, NULL, NULL, 40, '1954-05-18', '1973-02-26', '2012-05-31', 'Retired', '2016-08-26', NULL, 0, 31),
(281, 'Late-Khoka Gochhayat', 17, NULL, NULL, NULL, NULL, 7, NULL, NULL, NULL, 40, '1962-07-01', '1986-09-03', '2006-07-04', 'Retired', '2016-08-26', NULL, 0, 31),
(282, 'Sri Purna Chandra Behera', 17, NULL, NULL, NULL, NULL, 7, NULL, NULL, NULL, 40, '1954-06-15', '1976-06-11', '2012-06-30', 'Retired', '2016-08-26', NULL, 0, 31),
(283, 'Sri Rabindra Natha Das', 17, NULL, NULL, NULL, NULL, 7, NULL, NULL, NULL, 40, '1950-03-02', '1969-07-24', '2010-03-31', 'Retired', '2016-08-26', NULL, 0, 31),
(284, 'Sri Raj Kishore Mohanty', 17, NULL, NULL, NULL, NULL, 7, NULL, NULL, NULL, 40, '1939-07-16', '1961-07-04', '1997-07-31', 'Retired', '2016-08-26', NULL, 0, 31),
(285, 'Sri Surendra Behera', 17, NULL, NULL, NULL, NULL, 7, NULL, NULL, NULL, 40, '1952-03-31', '1977-04-12', '2012-03-31', 'Retired', '2016-08-26', NULL, 0, 31),
(286, 'Sri Arjun Behera', 17, NULL, NULL, NULL, NULL, 7, NULL, NULL, NULL, 40, '1955-01-01', '1986-07-08', '2014-12-31', 'Retired', '2016-08-26', NULL, 0, 31),
(287, 'Sri Manoranjan Das', 17, NULL, NULL, NULL, NULL, 7, NULL, NULL, NULL, 40, '1953-11-24', '1984-05-19', '2011-11-30', 'Retired', '2016-08-26', NULL, 0, 31),
(288, 'Smt. Jema Bewa', 17, NULL, NULL, NULL, NULL, 7, NULL, NULL, NULL, 40, '1950-07-01', '1973-12-01', '2010-06-30', 'Retired', '2016-08-26', NULL, 0, 31),
(289, 'Late-Biren Naik', 17, NULL, NULL, NULL, NULL, 7, NULL, NULL, NULL, 40, '1945-07-01', '1972-11-27', '2005-06-30', 'Retired', '2016-08-26', NULL, 0, 31),
(290, 'Late-Jay Naik', 17, NULL, NULL, NULL, NULL, 7, NULL, NULL, NULL, 40, '1934-07-01', '1944-06-24', '1994-06-30', 'Retired', '2016-08-26', NULL, 0, 31),
(291, 'Sri Mukund Pradhan', 17, NULL, NULL, NULL, NULL, 7, NULL, NULL, NULL, 40, '1948-01-20', '1967-11-08', '2006-01-31', 'Retired', '2016-08-26', NULL, 0, 31),
(292, 'Sri Krushna Chandra Das', 17, NULL, NULL, NULL, NULL, 7, NULL, NULL, NULL, 40, '1952-05-16', '1971-01-18', '2010-05-31', 'Retired', '2016-08-26', NULL, 0, 31),
(293, 'Sri Braja Kishore Raj', 17, NULL, NULL, NULL, NULL, 7, NULL, NULL, NULL, 40, '1950-07-01', '1973-08-06', '2008-06-30', 'Retired', '2016-08-26', NULL, 0, 31),
(294, 'Smt. Bimbali Dei', 17, NULL, NULL, NULL, NULL, 7, NULL, NULL, NULL, 40, '1950-07-01', '1969-05-26', '2010-06-30', 'Retired', '2016-08-26', NULL, 0, 31),
(295, 'Sri Narahari Ojha', 17, NULL, NULL, NULL, NULL, 7, NULL, NULL, NULL, 40, '1953-10-05', '1985-04-08', '2013-10-31', 'Retired', '2016-08-26', NULL, 0, 31),
(296, 'Late-Siba Raj', 17, NULL, NULL, NULL, NULL, 7, NULL, NULL, NULL, 40, '1960-07-01', '1978-12-01', '2011-09-28', 'Retired', '2016-08-26', NULL, 0, 31),
(297, 'Sri Prasan Kumar Naik', 17, NULL, NULL, NULL, NULL, 7, NULL, NULL, NULL, 40, '1948-10-10', '1969-12-06', '2008-10-31', 'Retired', '2016-08-26', NULL, 0, 31),
(298, 'Sri Akshya Kumar Bhuyan', 17, NULL, NULL, NULL, NULL, 7, NULL, NULL, NULL, 40, '1950-07-01', '1975-12-24', '2008-06-30', 'Retired', '2016-08-26', NULL, 0, 31),
(299, 'Smt Rajani Dei', 17, NULL, NULL, NULL, NULL, 7, NULL, NULL, NULL, 40, '1951-07-01', '1970-11-07', '2011-06-30', 'Retired', '2016-08-26', NULL, 0, 31),
(300, 'Sri Ratnakar Sethi', 17, NULL, NULL, NULL, NULL, 7, NULL, NULL, NULL, 40, '1954-09-11', '1976-09-03', '2014-09-30', 'Retired', '2016-08-26', NULL, 0, 31),
(301, 'Sri Digambar Nayak', 17, NULL, NULL, NULL, NULL, 7, NULL, NULL, NULL, 40, '1949-04-18', '1971-01-08', '2007-04-30', 'Retired', '2016-08-26', NULL, 0, 31),
(302, 'Sri Nisakar Naik', 17, NULL, NULL, NULL, NULL, 7, NULL, NULL, NULL, 40, '1952-07-01', '1974-01-01', '2012-06-30', 'Retired', '2016-08-26', NULL, 0, 31),
(303, 'Sri Braja Kishore Sahoo', 17, NULL, NULL, NULL, NULL, 7, NULL, NULL, NULL, 40, '1950-03-26', '1975-03-26', '2010-03-31', 'Retired', '2016-08-26', NULL, 0, 31),
(304, 'Sri Chittaranjan Panda', 17, NULL, NULL, NULL, NULL, 7, NULL, NULL, NULL, 40, '1948-09-16', '1967-12-22', '2006-09-30', 'Retired', '2016-08-26', NULL, 0, 31),
(305, 'Late-Pandab Das', 17, NULL, NULL, NULL, NULL, 7, NULL, NULL, NULL, 40, '1945-05-01', '1968-05-01', '2014-07-31', 'Retired', '2016-08-26', NULL, 0, 31),
(306, 'Sri Gopal Chandra Panda', 17, NULL, NULL, NULL, NULL, 7, NULL, NULL, NULL, 40, '1951-12-31', '1973-10-01', '2011-12-31', 'Retired', '2016-08-26', NULL, 0, 31),
(307, 'Sri Tuna Naik', 17, NULL, NULL, NULL, NULL, 7, NULL, NULL, NULL, 40, '1952-07-01', '1974-01-15', '2012-06-30', 'Retired', '2016-08-26', NULL, 0, 31),
(308, 'Sri Balaram Sethi', 17, NULL, NULL, NULL, NULL, 7, NULL, NULL, NULL, 40, '1943-07-22', '1970-07-24', '2001-07-31', 'Retired', '2016-08-26', NULL, 0, 31),
(309, 'Smt Charu Dei', 17, NULL, NULL, NULL, NULL, 7, NULL, NULL, NULL, 40, '1936-07-01', '1963-09-07', '1996-06-30', 'Retired', '2016-08-26', NULL, 0, 31),
(310, 'Brahmananda Rout', 17, NULL, NULL, NULL, NULL, 7, NULL, NULL, NULL, 40, '1943-05-20', '1966-05-11', '2001-05-31', 'Retired', '2016-08-26', NULL, 0, 31),
(311, 'Smt. Kamala Kumari Dixit', 17, NULL, NULL, NULL, NULL, 7, NULL, NULL, NULL, 40, '1952-04-20', '1974-05-06', '2010-04-30', 'Retired', '2016-08-26', NULL, 0, 31),
(312, 'Late-P. Lingeya', 17, NULL, NULL, NULL, NULL, 7, NULL, NULL, NULL, 40, '1956-07-01', '1980-06-12', '2006-09-29', 'Retired', '2016-08-26', NULL, 0, 31),
(313, 'Late-Abhimanyu Behera', 17, NULL, NULL, NULL, NULL, 7, NULL, NULL, NULL, 40, '1958-01-01', '1992-03-03', '2011-08-17', 'Retired', '2016-08-26', NULL, 0, 31),
(314, 'HemanT Ku. Mohanty', 17, NULL, NULL, NULL, NULL, 7, NULL, NULL, NULL, 40, '1953-03-13', '1973-04-14', '2011-03-31', 'Retired', '2016-08-26', NULL, 0, 31),
(315, 'Sri Madhab Chandra Behera', 17, NULL, NULL, NULL, NULL, 7, NULL, NULL, NULL, 40, '1950-04-16', '1978-04-05', '2010-04-30', 'Retired', '2016-08-26', NULL, 0, 31),
(316, 'Sri Radhagobind Mohapatra', 17, NULL, NULL, NULL, NULL, 7, NULL, NULL, NULL, 40, '1955-09-05', '1981-12-01', '2013-09-30', 'Retired', '2016-08-26', NULL, 0, 31),
(317, 'Sri Dhira Naik', 17, NULL, NULL, NULL, NULL, 7, NULL, NULL, NULL, 40, '1952-07-01', '1973-08-03', '2012-06-30', 'Retired', '2016-08-26', NULL, 0, 31),
(318, 'Sri Bijay Kumar Mohanty', 17, NULL, NULL, NULL, NULL, 7, NULL, NULL, NULL, 40, '1953-01-16', '1987-03-31', '2011-01-31', 'Retired', '2016-08-26', NULL, 0, 31),
(319, 'Late-Purna Naik', 17, NULL, NULL, NULL, NULL, 7, NULL, NULL, NULL, 40, '1950-07-01', '1969-04-01', '2010-06-30', 'Retired', '2016-08-26', NULL, 0, 31),
(320, 'Late-B. Solapuri', 17, NULL, NULL, NULL, NULL, 7, NULL, NULL, NULL, 40, '1942-02-12', '1961-03-31', '2002-02-28', 'Retired', '2016-08-26', NULL, 0, 31),
(321, 'Smt. Jema Dei', 17, NULL, NULL, NULL, NULL, 7, NULL, NULL, NULL, 40, '1934-07-01', '1953-12-31', '1994-06-30', 'Retired', '2016-08-26', NULL, 0, 31),
(322, 'Sri Kusa Naik', 17, NULL, NULL, NULL, NULL, 7, NULL, NULL, NULL, 40, '1941-07-01', '1965-08-01', '2001-06-30', 'Retired', '2016-08-26', NULL, 0, 31),
(323, 'Sri Surendra Kumar Das', 17, NULL, NULL, NULL, NULL, 7, NULL, NULL, NULL, 40, '1948-08-11', '1971-01-11', '2008-08-31', 'Retired', '2016-08-26', NULL, 0, 31),
(324, 'Sri Bhabani Naik', 17, NULL, NULL, NULL, NULL, 7, NULL, NULL, NULL, 40, '1950-07-01', '1974-01-01', '2010-06-30', 'Retired', '2016-08-26', NULL, 0, 31),
(325, 'Smt. Basanti Dei', 17, NULL, NULL, NULL, NULL, 7, NULL, NULL, NULL, 40, '1942-07-01', '1974-01-16', '2002-06-30', 'Retired', '2016-08-26', NULL, 0, 31),
(326, 'Smt. Inda Dei', 17, NULL, NULL, NULL, NULL, 7, NULL, NULL, NULL, 40, '1938-07-01', '1963-07-04', '1998-06-30', 'Retired', '2016-08-26', NULL, 0, 31);
INSERT INTO `employee_table` (`emp_id`, `name`, `designation_id`, `villege_town`, `city`, `post`, `police_station`, `district_id`, `pin`, `mobile`, `email`, `ulb_id`, `dob`, `doj`, `dor`, `emp_status`, `createdDate`, `modifiedDate`, `isDeleted`, `created_by`) VALUES
(327, 'Sri Punia Naik', 17, NULL, NULL, NULL, NULL, 7, NULL, NULL, NULL, 40, '1940-07-01', '1959-12-07', '2000-06-30', 'Retired', '2016-08-26', NULL, 0, 31),
(328, 'Sri Suresh Ch. Pradhan', 17, NULL, NULL, NULL, NULL, 7, NULL, NULL, NULL, 40, '1944-03-22', '1963-09-24', '2002-03-31', 'Retired', '2016-08-26', NULL, 0, 31),
(329, 'Late-Biranchi Narayan Behera', 17, NULL, NULL, NULL, NULL, 7, NULL, NULL, NULL, 40, '1961-05-22', '1984-01-31', '2002-05-23', 'Retired', '2016-08-26', NULL, 0, 31),
(330, 'S. Kalyania', 17, NULL, NULL, NULL, NULL, 7, NULL, NULL, NULL, 40, '1944-07-01', '1979-09-01', '2004-06-30', 'Retired', '2016-08-26', NULL, 0, 31),
(331, 'Late-Malli Dei', 17, NULL, NULL, NULL, NULL, 7, NULL, NULL, NULL, 40, '1957-07-01', '1980-11-01', '2002-10-19', 'Retired', '2016-08-26', NULL, 0, 31),
(332, 'Sri Kailash Nayak', 17, NULL, NULL, NULL, NULL, 7, NULL, NULL, NULL, 40, '1946-06-06', '1964-07-28', '2004-06-30', 'Retired', '2016-08-26', NULL, 0, 31),
(333, 'Late-Ratana Ghadei', 17, NULL, NULL, NULL, NULL, 7, NULL, NULL, NULL, 40, '1939-07-01', '1967-04-01', '1999-06-30', 'Retired', '2016-08-26', NULL, 0, 31),
(334, 'Sri Abhimanyu Das', 17, NULL, NULL, NULL, NULL, 7, NULL, NULL, NULL, 40, '1951-01-02', '1969-12-18', '2009-01-31', 'Retired', '2016-08-26', NULL, 0, 31),
(335, 'Smt. Jema Dei', 17, NULL, NULL, NULL, NULL, 7, NULL, NULL, NULL, 40, '1952-07-01', '1973-08-30', '2012-06-30', 'Retired', '2016-08-26', NULL, 0, 31),
(336, 'Smt. Gourirani Ram', 17, NULL, NULL, NULL, NULL, 7, NULL, NULL, NULL, 40, '1953-03-09', '1975-02-05', '2011-03-31', 'Retired', '2016-08-26', NULL, 0, 31),
(337, 'Late-Jagadish Ram Singh', 17, NULL, NULL, NULL, NULL, 7, NULL, NULL, NULL, 40, '1951-03-05', '1978-03-21', '2007-08-14', 'Retired', '2016-08-26', NULL, 0, 31),
(338, 'Sri Rabindra Kumar Sethy', 17, NULL, NULL, NULL, NULL, 7, NULL, NULL, NULL, 40, '1944-05-29', '1966-04-16', '2002-05-31', 'Retired', '2016-08-26', NULL, 0, 31),
(339, 'Sri Lokanath Naik', 17, NULL, NULL, NULL, NULL, 7, NULL, NULL, NULL, 40, '1936-07-01', '1965-03-28', '1996-06-30', 'Retired', '2016-08-26', NULL, 0, 31),
(340, 'Sri Rabi Naik', 17, NULL, NULL, NULL, NULL, 7, NULL, NULL, NULL, 40, '1940-07-01', '1964-04-01', '2000-06-30', 'Retired', '2016-08-26', NULL, 0, 31),
(341, 'Smt. Kamali Dei', 17, NULL, NULL, NULL, NULL, 7, NULL, NULL, NULL, 40, '1946-07-01', '1964-07-01', '2006-06-30', 'Retired', '2016-08-26', NULL, 0, 31),
(342, 'Sri Biren Naik', 17, NULL, NULL, NULL, NULL, 7, NULL, NULL, NULL, 40, '1945-07-01', '1972-11-27', '2005-06-30', 'Retired', '2016-08-26', NULL, 0, 31),
(343, 'Sri Lachhaman Nayak', 17, NULL, NULL, NULL, NULL, 7, NULL, NULL, NULL, 40, '1947-07-01', '1974-01-01', '2007-06-30', 'Retired', '2016-08-26', NULL, 0, 31),
(344, 'Smt. Laxmi Dei', 17, NULL, NULL, NULL, NULL, 7, NULL, NULL, NULL, 40, '1951-07-01', '1973-08-03', '2011-06-30', 'Retired', '2016-08-26', NULL, 0, 31),
(345, 'Smt. Sakhi Dei', 17, NULL, NULL, NULL, NULL, 7, NULL, NULL, NULL, 40, '1952-07-01', '1973-08-03', '2012-06-30', 'Retired', '2016-08-26', NULL, 0, 31),
(346, 'Sri Purusottam Behera', 17, NULL, NULL, NULL, NULL, 7, NULL, NULL, NULL, 40, '1945-05-10', '1970-07-24', '2003-05-31', 'Retired', '2016-08-26', NULL, 0, 31),
(347, 'Smt. Maya Dei', 17, NULL, NULL, NULL, NULL, 7, NULL, NULL, NULL, 40, '1952-07-01', '1973-08-03', '2012-06-30', 'Retired', '2016-08-26', NULL, 0, 31),
(348, 'Sri Jogendra Naik', 17, NULL, NULL, NULL, NULL, 7, NULL, NULL, NULL, 40, '1952-07-01', '1980-11-06', '2012-06-30', 'Retired', '2016-08-26', NULL, 0, 31),
(349, 'Sri Akula Naik', 17, NULL, NULL, NULL, NULL, 7, NULL, NULL, NULL, 40, '1940-07-01', '1960-12-01', '2000-06-30', 'Retired', '2016-08-26', NULL, 0, 31),
(350, 'Sri Jogi Naik', 17, NULL, NULL, NULL, NULL, 7, NULL, NULL, NULL, 40, '1941-07-01', '1968-10-05', '2001-06-30', 'Retired', '2016-08-26', NULL, 0, 31),
(351, 'Late-Babaji Naik', 17, NULL, NULL, NULL, NULL, 7, NULL, NULL, NULL, 40, '1940-07-01', '1967-04-01', '1998-04-26', 'Retired', '2016-08-26', NULL, 0, 31),
(352, 'Late-Narahari Naik', 17, NULL, NULL, NULL, NULL, 7, NULL, NULL, NULL, 40, '1941-07-15', '1966-03-01', '2001-07-31', 'Retired', '2016-08-26', NULL, 0, 31),
(353, 'Sri Ram Chandra Pattanaik', 17, NULL, NULL, NULL, NULL, 7, NULL, NULL, NULL, 40, '1953-05-22', '1973-02-22', '2011-05-31', 'Retired', '2016-08-26', NULL, 0, 31),
(354, 'Late-Jagendra Naik', 17, NULL, NULL, NULL, NULL, 7, NULL, NULL, NULL, 40, '1954-07-01', '1974-01-01', '2001-01-08', 'Retired', '2016-08-26', NULL, 0, 31),
(355, 'Sri Rudra Charan Mohanty', 17, NULL, NULL, NULL, NULL, 7, NULL, NULL, NULL, 39, '1955-01-14', '1977-08-29', '2013-01-31', 'Retired', '2016-08-26', NULL, 0, 32),
(356, 'Sri Kulamani Sahoo', 17, NULL, NULL, NULL, NULL, 7, NULL, NULL, NULL, 39, '1951-01-01', '1978-01-20', '2008-12-31', 'Retired', '2016-08-26', NULL, 0, 32),
(357, 'Gobind Chandra Behera', 17, NULL, NULL, NULL, NULL, 7, NULL, NULL, NULL, 39, '1953-01-26', '1974-01-15', '2011-01-31', 'Retired', '2016-08-26', NULL, 0, 32),
(358, 'Sri Bhubananda Sahoo', 17, NULL, NULL, NULL, NULL, 7, NULL, NULL, NULL, 39, '1952-03-06', '1975-05-19', '2010-03-31', 'Retired', '2016-08-26', NULL, 0, 32),
(359, 'Sri Keshab Chandra Parida', 17, NULL, NULL, NULL, NULL, 7, NULL, NULL, NULL, 39, '1955-03-16', '1975-05-19', '2013-03-31', 'Retired', '2016-08-26', NULL, 0, 32),
(360, 'Sri Nila Naik', 17, NULL, NULL, NULL, NULL, 7, NULL, NULL, NULL, 39, '1950-08-21', '1969-02-16', '2010-08-31', 'Retired', '2016-08-26', NULL, 0, 32),
(361, 'Gadadhar Balia', 17, NULL, NULL, NULL, NULL, 7, NULL, NULL, NULL, 39, '1953-04-01', '1980-08-29', '2011-03-31', 'Retired', '2016-08-26', NULL, 0, 32),
(362, 'Sri Bidyadhar Samal', 17, NULL, NULL, NULL, NULL, 7, NULL, NULL, NULL, 39, '1954-08-02', '1975-05-19', '2012-08-31', 'Retired', '2016-08-26', NULL, 0, 32),
(363, 'Sri Brahmananda Mohanty', 17, NULL, NULL, NULL, NULL, 7, NULL, NULL, NULL, 39, '1952-06-03', '1992-06-22', '2012-06-30', 'Retired', '2016-08-26', NULL, 0, 32),
(364, 'Maheswar Sethy', 17, NULL, NULL, NULL, NULL, 7, NULL, NULL, NULL, 39, '1952-01-18', '1992-06-23', '2012-01-31', 'Retired', '2016-08-26', NULL, 0, 32),
(365, 'Late-Purna Chandra Mishra', 17, NULL, NULL, NULL, NULL, 7, NULL, NULL, NULL, 39, '1948-08-08', '1974-12-24', '2008-08-31', 'Retired', '2016-08-26', NULL, 0, 32),
(366, 'Sri Dharanidhar Moharana', 17, NULL, NULL, NULL, NULL, 7, NULL, NULL, NULL, 39, '1952-12-07', '1973-03-29', '2010-12-31', 'Retired', '2016-08-26', NULL, 0, 32),
(367, 'Sri Babaji Charan Dash', 17, NULL, NULL, NULL, NULL, 7, NULL, NULL, NULL, 39, '1953-02-01', '1975-07-01', '2013-01-31', 'Retired', '2016-08-26', NULL, 0, 32),
(368, 'SK Munna', 17, NULL, NULL, NULL, NULL, 7, NULL, NULL, NULL, 39, '1948-02-03', '1975-07-04', '2008-02-29', 'Retired', '2016-08-26', NULL, 0, 32),
(369, 'Sri Siba Prasad Sahoo', 17, NULL, NULL, NULL, NULL, 7, NULL, NULL, NULL, 39, '1954-08-08', '1978-02-25', '2012-08-31', 'Retired', '2016-08-26', NULL, 0, 32),
(370, 'Sri Rabindra Kumar Sahoo', 17, NULL, NULL, NULL, NULL, 7, NULL, NULL, NULL, 39, '1955-06-01', '1979-11-01', '2013-05-31', 'Retired', '2016-08-26', NULL, 0, 32),
(371, 'Sri Suresh Kumar Behera', 17, NULL, NULL, NULL, NULL, 7, NULL, NULL, NULL, 39, '1955-01-04', '1978-01-20', '2013-01-31', 'Retired', '2016-08-26', NULL, 0, 32),
(372, 'Sri K. Damayanti', 17, NULL, NULL, NULL, NULL, 27, NULL, NULL, NULL, 47, '1953-08-02', '1982-04-01', '2013-08-31', 'Retired', '2016-08-26', NULL, 0, 33),
(373, 'Late-B. Sankar Rao', 17, NULL, NULL, NULL, NULL, 27, NULL, NULL, NULL, 47, '1952-09-10', '1975-09-10', '2001-04-09', 'Retired', '2016-08-26', NULL, 0, 33),
(374, 'Late-P. Ch. Nanda Preyasi', 17, NULL, NULL, NULL, NULL, 27, NULL, NULL, NULL, 47, '1948-09-12', '1968-09-28', '1971-06-09', 'Retired', '2016-08-26', NULL, 0, 33),
(375, 'Late-B. Ram Rao', 17, NULL, NULL, NULL, NULL, 27, NULL, NULL, NULL, 47, '1944-12-10', '1967-08-21', '2002-12-31', 'Retired', '2016-08-26', NULL, 0, 33),
(376, 'Late-Trinath Suna', 17, NULL, NULL, NULL, NULL, 27, NULL, NULL, NULL, 47, '1945-07-18', '1965-07-01', '2004-11-10', 'Retired', '2016-08-26', NULL, 0, 33),
(377, 'Sri S. Bhagirathi', 17, NULL, NULL, NULL, NULL, 27, NULL, NULL, NULL, 47, '1952-07-01', '1972-07-26', '2012-06-30', 'Retired', '2016-08-26', NULL, 0, 33),
(378, 'Sri J. Satyanarayan', 17, NULL, NULL, NULL, NULL, 27, NULL, NULL, NULL, 47, '1939-07-01', '1959-11-27', '1999-06-03', 'Retired', '2016-08-26', NULL, 0, 33),
(379, 'Sri Jagadish Ch. Swain', 17, NULL, NULL, NULL, NULL, 27, NULL, NULL, NULL, 47, '1953-01-03', '1980-11-17', '2011-01-31', 'Retired', '2016-08-26', NULL, 0, 33),
(380, 'Sri Madhab Naik', 17, NULL, NULL, NULL, NULL, 29, NULL, NULL, NULL, 53, '1943-12-15', '1967-11-01', '2003-12-31', 'Retired', '2016-08-26', NULL, 0, 34),
(381, 'Smt. Lata Bagarty', 17, NULL, NULL, NULL, NULL, 29, NULL, NULL, NULL, 53, '1934-03-06', '1967-11-01', '1994-03-31', 'Retired', '2016-08-26', NULL, 0, 34),
(382, 'Sri Sitaram Naik', 17, NULL, NULL, NULL, NULL, 29, NULL, NULL, NULL, 105, '1948-08-16', '1966-06-01', '2008-08-31', 'Retired', '2016-08-26', NULL, 0, 35),
(383, 'Late-Anchal  Luha', 17, NULL, NULL, NULL, NULL, 29, NULL, NULL, NULL, 105, '1945-07-18', '1972-05-18', '2003-11-04', 'Retired', '2016-08-26', NULL, 0, 35),
(384, 'Late-Dinabandhu Das', 17, NULL, NULL, NULL, NULL, 29, NULL, NULL, NULL, 105, '1948-08-16', '1965-08-11', '2003-05-08', 'Retired', '2016-08-26', NULL, 0, 35),
(385, 'Smt. Bhumi Bagh', 17, NULL, NULL, NULL, NULL, 29, NULL, NULL, NULL, 105, '1941-07-03', '1965-07-01', '2001-07-31', 'Retired', '2016-08-26', NULL, 0, 35),
(386, 'Late-Nilamani Naik', 17, NULL, NULL, NULL, NULL, 29, NULL, NULL, NULL, 105, '1955-11-23', '1974-02-02', '1995-05-31', 'Retired', '2016-08-26', NULL, 0, 35),
(387, 'Late-Satya Narayan Pattanaik', 17, NULL, NULL, NULL, NULL, 29, NULL, NULL, NULL, 105, '1941-01-07', '1961-11-01', '2001-01-31', 'Retired', '2016-08-26', NULL, 0, 35),
(388, 'Late-Purusottam Panigrahi', 17, NULL, NULL, NULL, NULL, 29, NULL, NULL, NULL, 105, '1946-07-22', '1971-05-12', '1977-02-12', 'Retired', '2016-08-26', NULL, 0, 35),
(389, 'Sushila Ghadaiani', 17, NULL, NULL, NULL, NULL, 29, NULL, NULL, NULL, 105, '1940-05-06', '1965-07-01', '2000-07-31', 'Retired', '2016-08-26', NULL, 0, 35),
(390, 'Smt. Ninda Sethy', 17, NULL, NULL, NULL, NULL, 29, NULL, NULL, NULL, 105, '1952-05-19', '1983-08-01', '2012-05-31', 'Retired', '2016-08-26', NULL, 0, 35),
(391, 'Late-Chaturi Surugujia', 17, NULL, NULL, NULL, NULL, 29, NULL, NULL, NULL, 105, '1968-04-10', '1996-11-26', '2002-12-31', 'Retired', '2016-08-26', NULL, 0, 35),
(392, 'Late-Siva Prasad Naik', 17, NULL, NULL, NULL, NULL, 15, NULL, NULL, NULL, 63, '1969-07-17', '1991-01-01', '2012-03-23', 'Retired', '2016-08-26', NULL, 0, 36),
(393, 'Smt. Purnabasi Suna', 17, NULL, NULL, NULL, NULL, 14, NULL, NULL, NULL, 61, '1946-03-06', '1972-05-01', '2006-03-31', 'Retired', '2016-08-26', NULL, 0, 37),
(394, 'Late-Sahankar Behera', 17, NULL, NULL, NULL, NULL, 14, NULL, NULL, NULL, 61, '1972-07-23', '1996-08-01', '2013-07-23', 'Retired', '2016-08-26', NULL, 0, 37),
(395, 'Sri Biranchilal Tanty', 17, NULL, NULL, NULL, NULL, 14, NULL, NULL, NULL, 61, '1955-02-25', '1979-05-21', '2015-02-28', 'Retired', '2016-08-26', NULL, 0, 37),
(396, 'Late-Birendra Kumar Panda', 17, NULL, NULL, NULL, NULL, 14, NULL, NULL, NULL, 61, '1971-06-20', '1993-11-02', '2013-09-13', 'Retired', '2016-08-26', NULL, 0, 37),
(397, 'Sundarlal Patel', 17, NULL, NULL, NULL, NULL, 14, NULL, NULL, NULL, 61, '1955-04-01', '1982-02-03', '2015-03-31', 'Retired', '2016-08-26', NULL, 0, 37),
(398, 'Late-Menaka Sindnia', 17, NULL, NULL, NULL, NULL, 14, NULL, NULL, NULL, 61, '1956-06-15', '1979-06-12', '2000-01-28', 'Retired', '2016-08-26', NULL, 0, 37),
(399, 'Sri Chandrabhanu Bag', 17, NULL, NULL, NULL, NULL, 14, NULL, NULL, NULL, 61, '1941-02-21', '1973-07-01', '2001-02-28', 'Retired', '2016-08-26', NULL, 0, 37),
(400, 'Sri Baldev Sindria', 17, NULL, NULL, NULL, NULL, 14, NULL, NULL, NULL, 61, '1943-06-13', '1978-12-01', '2003-06-30', 'Retired', '2016-08-26', NULL, 0, 37),
(401, 'Sri Lingaraj Dhanu', 17, NULL, NULL, NULL, NULL, 30, NULL, NULL, NULL, 104, '1935-07-16', '1972-05-16', '1995-07-31', 'Retired', '2016-08-26', NULL, 0, 38),
(402, 'Late-Bhagaban Gochhayat', 17, NULL, NULL, NULL, NULL, 30, NULL, NULL, NULL, 104, '1938-06-14', '1972-01-08', '1991-07-31', 'Retired', '2016-08-26', NULL, 0, 38),
(403, 'Late-Paulus Dung', 17, NULL, NULL, NULL, NULL, 30, NULL, NULL, NULL, 104, '1960-07-01', '1985-07-06', '2000-11-11', 'Retired', '2016-08-26', NULL, 0, 38),
(404, 'Late-Kunja Bihari Sahoo', 17, NULL, NULL, NULL, NULL, 30, NULL, NULL, NULL, 104, '1947-07-04', '1972-05-08', '1995-02-22', 'Retired', '2016-08-26', NULL, 0, 38),
(405, 'Smt. Ukia Ghasiani', 17, NULL, NULL, NULL, NULL, 30, NULL, NULL, NULL, 104, '1935-08-05', '1974-05-13', '1995-08-31', 'Retired', '2016-08-26', NULL, 0, 38),
(406, 'Smt. Ashok Damani', 17, NULL, NULL, NULL, NULL, 30, NULL, NULL, NULL, 104, '1940-07-01', '1963-04-01', '2000-06-30', 'Retired', '2016-08-26', NULL, 0, 38),
(407, 'Late-Basant Kumar Gouda', 17, NULL, NULL, NULL, NULL, 30, NULL, NULL, NULL, 104, '1952-08-15', '1978-09-19', '2003-07-19', 'Retired', '2016-08-26', NULL, 0, 38),
(408, 'Sri Chaturbhuja Kolait', 17, NULL, NULL, NULL, NULL, 30, NULL, NULL, NULL, 104, '1944-05-10', '1969-12-16', '2004-05-31', 'Retired', '2016-08-26', NULL, 0, 38),
(409, 'Late-Dikhit Kr. Rout', 17, NULL, NULL, NULL, NULL, 30, NULL, NULL, NULL, 104, '1962-05-04', '1991-01-25', '2000-11-16', 'Retired', '2016-08-26', NULL, 0, 38),
(410, 'Sri Kameswar Dome', 17, NULL, NULL, NULL, NULL, 30, NULL, NULL, NULL, 104, '1935-10-19', '1964-07-28', '1995-10-31', 'Retired', '2016-08-26', NULL, 0, 38),
(411, 'Smt. Sakuntala Paul', 17, NULL, NULL, NULL, NULL, 30, NULL, NULL, NULL, 104, '1941-07-20', '1973-10-27', '1999-07-31', 'Retired', '2016-08-26', NULL, 0, 38),
(412, 'Late-Aparti Rout', 17, NULL, NULL, NULL, NULL, 30, NULL, NULL, NULL, 104, '1936-07-18', '1969-10-16', '1994-07-31', 'Retired', '2016-08-26', NULL, 0, 38),
(413, 'Sri Ram Dome', 17, NULL, NULL, NULL, NULL, 30, NULL, NULL, NULL, 104, '1943-09-02', '1962-04-28', '2003-09-30', 'Retired', '2016-08-26', NULL, 0, 38),
(414, 'Late-Trinath Charan Patra', 17, NULL, NULL, NULL, NULL, 30, NULL, NULL, NULL, 104, '1950-02-12', '1971-12-15', '2002-10-01', 'Retired', '2016-08-26', NULL, 0, 38),
(415, 'Smt. Julia Dung Dung', 17, NULL, NULL, NULL, NULL, 30, NULL, NULL, NULL, 104, '1938-07-05', '1969-01-02', '1996-07-31', 'Retired', '2016-08-26', NULL, 0, 38),
(416, 'Sri Samaru Machhakundia', 17, NULL, NULL, NULL, NULL, 30, NULL, NULL, NULL, 104, '1934-05-20', '1971-06-26', '1994-05-31', 'Retired', '2016-08-26', NULL, 0, 38),
(417, 'Late-Prafulla Naik', 17, NULL, NULL, NULL, NULL, 30, NULL, NULL, NULL, 104, '1939-10-01', '1970-06-09', '1999-09-30', 'Retired', '2016-08-26', NULL, 0, 38),
(418, 'Md. Halim', 17, NULL, NULL, NULL, NULL, 30, NULL, NULL, NULL, 104, '1935-04-01', '1969-07-23', '1995-03-31', 'Retired', '2016-08-26', NULL, 0, 38),
(419, 'Late-Nuas Lomga', 17, NULL, NULL, NULL, NULL, 30, NULL, NULL, NULL, 104, '1953-12-20', '1978-10-30', '2001-05-19', 'Retired', '2016-08-26', NULL, 0, 38),
(420, 'Late-Trailokya Gochhayat', 17, NULL, NULL, NULL, NULL, 30, NULL, NULL, NULL, 104, '1945-06-01', '1970-06-01', '2002-04-02', 'Retired', '2016-08-26', NULL, 0, 38),
(421, 'Late-Neta Gochhayat', 17, NULL, NULL, NULL, NULL, 30, NULL, NULL, NULL, 104, '1975-05-11', '1999-07-05', '2007-02-06', 'Retired', '2016-08-26', NULL, 0, 38),
(422, 'Smt. Ichha Ghasiani', 17, NULL, NULL, NULL, NULL, 30, NULL, NULL, NULL, 104, '1925-03-20', '1965-04-06', '1985-03-31', 'Retired', '2016-08-26', NULL, 0, 38),
(423, 'Sri Laxmidhar Panchria', 17, NULL, NULL, NULL, NULL, 30, NULL, NULL, NULL, 104, '1946-07-16', '1974-09-14', '2006-07-31', 'Retired', '2016-08-26', NULL, 0, 38),
(424, 'Late-Prasanna Kumar Nanda', 17, NULL, NULL, NULL, NULL, 30, NULL, NULL, NULL, 104, '1956-04-02', '1976-05-07', '1987-07-23', 'Retired', '2016-08-26', NULL, 0, 38),
(425, 'Late-Jagnesh Dung Dung', 17, NULL, NULL, NULL, NULL, 30, NULL, NULL, NULL, 104, '1958-08-10', '1993-02-17', '2003-01-10', 'Retired', '2016-08-26', NULL, 0, 38),
(426, 'Late-Philip Tuty', 17, NULL, NULL, NULL, NULL, 30, NULL, NULL, NULL, 104, '1954-06-11', '1978-09-11', '2003-10-17', 'Retired', '2016-08-26', NULL, 0, 38),
(427, 'Smt. Amarjit Kaur', 17, NULL, NULL, NULL, NULL, 30, NULL, NULL, NULL, 104, '1937-08-01', '1972-08-15', '1995-07-31', 'Retired', '2016-08-26', NULL, 0, 38),
(428, 'Late-Sudarsan Pati', 17, NULL, NULL, NULL, NULL, 30, NULL, NULL, NULL, 104, '1946-06-13', '1972-06-29', '1990-12-09', 'Retired', '2016-08-26', NULL, 0, 38),
(429, 'Sri Rameswar Pandey', 17, NULL, NULL, NULL, NULL, 30, NULL, NULL, NULL, 104, '1945-10-05', '1971-08-01', '2003-10-31', 'Retired', '2016-08-26', NULL, 0, 38),
(430, 'Late-Lepa Behera', 17, NULL, NULL, NULL, NULL, 30, NULL, NULL, NULL, 48, '1945-07-01', '1969-06-11', '1992-04-23', 'Retired', '2016-08-26', NULL, 0, 39),
(431, 'Late-Mana Naik', 17, NULL, NULL, NULL, NULL, 30, NULL, NULL, NULL, 48, '1944-07-01', '1967-04-01', '1993-09-05', 'Retired', '2016-08-26', NULL, 0, 39),
(432, 'Sri Ratan Singh', 17, NULL, NULL, NULL, NULL, 30, NULL, NULL, NULL, 48, '1930-07-01', '1966-10-17', '0000-00-00', 'Retired', '2016-08-26', NULL, 0, 39),
(433, 'Late-Nityananda Pattanaik', 17, NULL, NULL, NULL, NULL, 30, NULL, NULL, NULL, 48, '1942-10-17', '1965-12-17', '1994-11-16', 'Retired', '2016-08-26', NULL, 0, 39),
(434, 'Late-Ranga Sagar', 17, NULL, NULL, NULL, NULL, 30, NULL, NULL, NULL, 48, '1948-07-01', '1971-01-11', '1993-02-02', 'Retired', '2016-08-26', NULL, 0, 39),
(435, 'Sri Fakir Behera', 17, NULL, NULL, NULL, NULL, 30, NULL, NULL, NULL, 48, '1946-07-01', '1966-10-01', '2006-06-30', 'Retired', '2016-08-26', NULL, 0, 39),
(436, 'Jaladhar Samal', 17, NULL, NULL, NULL, NULL, 30, NULL, NULL, NULL, 48, '1936-10-18', '1960-08-01', '1994-10-31', 'Retired', '2016-08-26', NULL, 0, 39),
(437, 'Sri Lokanath Behera', 17, NULL, NULL, NULL, NULL, 30, NULL, NULL, NULL, 48, '1945-07-01', '1965-12-05', '2005-06-30', 'Retired', '2016-08-26', NULL, 0, 39),
(438, 'Sri Choudhary Behera', 17, NULL, NULL, NULL, NULL, 30, NULL, NULL, NULL, 48, '1945-07-01', '1977-02-02', '2005-06-30', 'Retired', '2016-08-26', NULL, 0, 39),
(439, 'Late-Hara Kumar Naik', 17, NULL, NULL, NULL, NULL, 30, NULL, NULL, NULL, 48, '1955-08-16', '1984-08-01', '1991-12-20', 'Retired', '2016-08-26', NULL, 0, 39),
(440, 'Late-Rukmani Behera', 17, NULL, NULL, NULL, NULL, 30, NULL, NULL, NULL, 48, '1963-01-15', '1985-11-19', '1998-12-01', 'Retired', '2016-08-26', NULL, 0, 39),
(441, 'Late-Bhaga Mohanandia', 17, NULL, NULL, NULL, NULL, 30, NULL, NULL, NULL, 48, '1935-07-01', '1966-02-01', '1995-06-30', 'Retired', '2016-08-26', NULL, 0, 39),
(442, 'Late-Samuel Keshi Kunju', 17, NULL, NULL, NULL, NULL, 30, NULL, NULL, NULL, 48, '1936-04-22', '1963-07-01', '1994-04-30', 'Retired', '2016-08-26', NULL, 0, 39),
(443, 'Sri Khirod Chandra Mallick', 17, NULL, NULL, NULL, NULL, 19, NULL, NULL, NULL, 43, '1952-05-03', '1978-04-02', '2010-05-31', 'Retired', '2016-08-26', NULL, 0, 40),
(444, 'Sachidananda Panda', 17, NULL, NULL, NULL, NULL, 19, NULL, NULL, NULL, 43, '1954-04-09', '1978-04-02', '2012-04-30', 'Retired', '2016-08-26', NULL, 0, 40),
(445, 'Sri Dambarudhar Samantaray', 17, NULL, NULL, NULL, NULL, 19, NULL, NULL, NULL, 43, '1955-01-04', '1982-12-29', '2013-01-31', 'Retired', '2016-08-26', NULL, 0, 40),
(446, 'Sri Goutam Ghadei', 17, NULL, NULL, NULL, NULL, 19, NULL, NULL, NULL, 43, '1953-04-02', '1978-03-22', '2013-04-30', 'Retired', '2016-08-26', NULL, 0, 40),
(447, 'Sri Sudarsan Pujari', 17, NULL, NULL, NULL, NULL, 19, NULL, NULL, NULL, 43, '1953-10-20', '1978-04-02', '2011-10-31', 'Retired', '2016-08-26', NULL, 0, 40),
(448, 'Sri Subash Chandra Sahoo', 17, NULL, NULL, NULL, NULL, 19, NULL, NULL, NULL, 43, '1951-04-30', '1978-03-22', '2009-04-30', 'Retired', '2016-08-26', NULL, 0, 40),
(449, 'Late-Prafulla Kumar Chhotaray', 17, NULL, NULL, NULL, NULL, 19, NULL, NULL, NULL, 44, '1955-04-20', '1984-06-01', '2013-04-30', 'Retired', '2016-08-26', NULL, 0, 41),
(450, 'Sri Nilakantha Moharana', 17, NULL, NULL, NULL, NULL, 19, NULL, NULL, NULL, 44, '1954-08-06', '1986-09-01', '2014-08-31', 'Retired', '2016-08-26', NULL, 0, 41),
(451, 'Md. Kaiyum', 17, NULL, NULL, NULL, NULL, 19, NULL, NULL, NULL, 44, '1955-02-25', '1987-09-01', '2013-02-28', 'Retired', '2016-08-26', NULL, 0, 41),
(452, 'Sri Godabarish Mishra', 17, NULL, NULL, NULL, NULL, 19, NULL, NULL, NULL, 44, '1946-08-13', '1975-10-01', '2004-08-31', 'Retired', '2016-08-26', NULL, 0, 41),
(453, 'Ashok Kumar Nanda', 17, NULL, NULL, NULL, NULL, 19, NULL, NULL, NULL, 44, '1956-02-10', '1983-12-01', '2014-02-28', 'Retired', '2016-08-26', NULL, 0, 41),
(454, 'Sri Padmanav Rath', 17, NULL, NULL, NULL, NULL, 19, NULL, NULL, NULL, 44, '1955-01-05', '1975-10-01', '2015-01-31', 'Retired', '2016-08-26', NULL, 0, 41),
(455, 'Late-Kangali Naik', 17, NULL, NULL, NULL, NULL, 11, NULL, NULL, NULL, 7, '1966-07-03', '1990-09-28', '2013-08-05', 'Retired', '2016-08-26', NULL, 0, 42),
(456, 'Sri Ananta Naik', 17, NULL, NULL, NULL, NULL, 11, NULL, NULL, NULL, 7, '1938-03-09', '1961-03-01', '1998-03-31', 'Retired', '2016-08-26', NULL, 0, 42),
(457, 'Sri Deena Patra', 17, NULL, NULL, NULL, NULL, 11, NULL, NULL, NULL, 7, '1936-07-01', '1957-11-15', '1996-06-30', 'Retired', '2016-08-26', NULL, 0, 42),
(458, 'Late-Patita Naik', 17, NULL, NULL, NULL, NULL, 11, NULL, NULL, NULL, 7, '1936-07-01', '1970-03-01', '1996-05-26', 'Retired', '2016-08-26', NULL, 0, 42),
(459, 'Late-Sambari Naik', 17, NULL, NULL, NULL, NULL, 11, NULL, NULL, NULL, 7, '1950-05-10', '1972-03-01', '2000-11-28', 'Retired', '2016-08-26', NULL, 0, 42),
(460, 'Late-Hari Naik', 17, NULL, NULL, NULL, NULL, 11, NULL, NULL, NULL, 7, '1934-07-01', '1956-07-04', '1994-06-30', 'Retired', '2016-08-26', NULL, 0, 42),
(461, 'Sri Raghunath Bisoi', 17, NULL, NULL, NULL, NULL, 11, NULL, NULL, NULL, 7, '1940-10-01', '1957-11-15', '1998-09-30', 'Retired', '2016-08-26', NULL, 0, 42),
(462, 'Smt. Maharigi Naikani', 17, NULL, NULL, NULL, NULL, 11, NULL, NULL, NULL, 7, '1936-07-01', '1968-09-01', '1996-06-30', 'Retired', '2016-08-26', NULL, 0, 42),
(463, 'Sri Dhoba Naik', 17, NULL, NULL, NULL, NULL, 11, NULL, NULL, NULL, 7, '1934-07-01', '1957-11-15', '1994-06-30', 'Retired', '2016-08-26', NULL, 0, 42),
(464, 'Smt. Amana Ghadaiani', 17, NULL, NULL, NULL, NULL, 11, NULL, NULL, NULL, 7, '1938-07-01', '1963-04-13', '1998-06-30', 'Retired', '2016-08-26', NULL, 0, 42),
(465, 'Late-Jogi Naik', 17, NULL, NULL, NULL, NULL, 11, NULL, NULL, NULL, 7, '1965-12-02', '1987-12-23', '2001-03-31', 'Retired', '2016-08-26', NULL, 0, 42),
(466, 'Smt. Manika Naik', 17, NULL, NULL, NULL, NULL, 11, NULL, NULL, NULL, 7, '1933-07-01', '1970-03-01', '1993-06-30', 'Retired', '2016-08-26', NULL, 0, 42),
(467, 'Late-Saria Dei', 17, NULL, NULL, NULL, NULL, 13, NULL, NULL, NULL, 56, '1935-08-23', '1953-01-10', '1995-08-31', 'Retired', '2016-08-26', NULL, 0, 43),
(468, 'Late-Gajendra Naik', 17, NULL, NULL, NULL, NULL, 13, NULL, NULL, NULL, 56, '1942-09-19', '1966-05-01', '1995-06-03', 'Retired', '2016-08-26', NULL, 0, 43),
(469, 'Sri Jayakrushna Panda', 17, NULL, NULL, NULL, NULL, 19, NULL, NULL, NULL, 83, '1951-03-25', '1969-11-01', '2009-03-31', 'Retired', '2016-08-26', NULL, 0, 30),
(470, 'Late-Nakul Naik', 17, NULL, NULL, NULL, NULL, 11, NULL, NULL, NULL, 10, '1945-07-01', '1977-08-10', '2006-05-30', 'Retired', '2016-08-26', NULL, 0, 44),
(471, 'Late-Sri William Barla', 17, NULL, NULL, NULL, NULL, 30, NULL, NULL, NULL, 48, '1944-05-18', '1966-05-07', '2002-05-31', 'Retired', '2016-08-26', NULL, 0, 39),
(472, 'Bsudev Prusti', 17, NULL, NULL, NULL, NULL, 3, NULL, NULL, NULL, 35, '1953-03-15', '1973-05-18', '2011-03-31', 'Retired', '2016-08-26', NULL, 0, 23),
(473, 'Sri Nilakantha Ghadei', 17, NULL, NULL, NULL, NULL, 19, NULL, NULL, NULL, 83, '1950-02-03', '1971-02-09', '2008-02-29', 'Retired', '2016-08-26', NULL, 0, 30),
(474, 'Late-Naba Kishore Mohanty', 17, NULL, NULL, NULL, NULL, 7, NULL, NULL, NULL, 40, '1973-11-05', '1961-05-06', '1995-11-30', 'Retired', '2016-08-26', NULL, 0, 31),
(475, 'Late-Markand Karua', 17, NULL, NULL, NULL, NULL, 18, NULL, NULL, NULL, 67, '1970-08-01', '1995-08-01', '2014-02-25', 'Retired', '2016-08-26', NULL, 0, 45),
(476, 'Janardan Nayak', 17, NULL, NULL, NULL, NULL, 18, NULL, NULL, NULL, 68, '1954-09-18', '1982-02-08', '2012-09-30', 'Retired', '2016-08-26', NULL, 0, 46),
(477, 'Smt. Sukamati Dei', 17, NULL, NULL, NULL, NULL, 18, NULL, NULL, NULL, 68, '1950-12-12', '1974-01-03', '2010-12-31', 'Retired', '2016-08-26', NULL, 0, 46),
(478, 'Sri Lachhaman Munda', 17, NULL, NULL, NULL, NULL, 18, NULL, NULL, NULL, 68, '1973-02-15', '1973-05-02', '2011-02-28', 'Retired', '2016-08-26', NULL, 0, 46),
(479, 'Late-Dambarudhar Dalanaik', 17, NULL, NULL, NULL, NULL, 18, NULL, NULL, NULL, 69, '1965-06-13', '1990-09-21', '2006-02-20', 'Retired', '2016-08-26', NULL, 0, 47),
(480, 'Late-Champa Dei', 17, NULL, NULL, NULL, NULL, 18, NULL, NULL, NULL, 69, '1968-06-08', '1994-12-01', '2005-01-18', 'Retired', '2016-08-26', NULL, 0, 47),
(481, 'Sri Kishore Chandra Dash', 17, NULL, NULL, NULL, NULL, 18, NULL, NULL, NULL, 69, '1955-11-08', '1977-05-24', '2013-11-30', 'Retired', '2016-08-26', NULL, 0, 47),
(482, 'Sri Hadibandhu Samal', 17, NULL, NULL, NULL, NULL, 26, NULL, NULL, NULL, 98, '1948-10-24', '1974-07-22', '2006-10-03', 'Retired', '2016-08-26', NULL, 0, 48),
(483, 'Sri Aintha Mallick', 17, NULL, NULL, NULL, NULL, 26, NULL, NULL, NULL, 98, '1954-09-08', '1977-06-20', '2012-09-30', 'Retired', '2016-08-26', NULL, 0, 48),
(484, 'Sri Naba Kishore Mishra', 17, NULL, NULL, NULL, NULL, 26, NULL, NULL, NULL, 98, '1955-07-06', '1982-07-07', '2013-07-31', 'Retired', '2016-08-26', NULL, 0, 48),
(485, 'Sri Rajkishore Samantaray', 17, NULL, NULL, NULL, NULL, 26, NULL, NULL, NULL, 98, '1954-03-16', '1975-11-01', '2012-03-31', 'Retired', '2016-08-26', NULL, 0, 48),
(486, 'Ram Ch. Jena', 17, NULL, NULL, NULL, NULL, 26, NULL, NULL, NULL, 98, '1954-04-20', '1975-12-04', '2012-04-30', 'Retired', '2016-08-26', NULL, 0, 48),
(487, 'Sri Gunamani Sethy', 17, NULL, NULL, NULL, NULL, 26, NULL, NULL, NULL, 98, '1948-05-05', '1972-07-03', '2006-05-31', 'Retired', '2016-08-26', NULL, 0, 48),
(488, 'Late-Netra Karjee', 17, NULL, NULL, NULL, NULL, 10, NULL, NULL, NULL, 25, '1962-07-01', '1987-07-27', '2014-07-27', 'Retired', '2016-08-26', NULL, 0, 49),
(489, 'Smt. Kanchan Mohankuda', 17, NULL, NULL, NULL, NULL, 10, NULL, NULL, NULL, 25, '1953-04-10', '1991-12-12', '2013-04-30', 'Retired', '2016-08-26', NULL, 0, 49),
(490, 'Late-Namalipuri Kumbheswar Rao', 17, NULL, NULL, NULL, NULL, 10, NULL, NULL, NULL, 25, '1940-07-01', '1963-05-10', '2011-02-11', 'Retired', '2016-08-26', NULL, 0, 49),
(491, 'Late-A. Bhubani Naik', 17, NULL, NULL, NULL, NULL, 11, NULL, NULL, NULL, 12, '1956-05-03', '1978-05-09', '1999-05-09', 'Retired', '2016-08-26', NULL, 0, 50),
(492, 'Late-D. Erreya', 17, NULL, NULL, NULL, NULL, 11, NULL, NULL, NULL, 12, '1951-01-20', '1975-11-29', '2006-06-20', 'Retired', '2016-08-26', NULL, 0, 50),
(493, 'Sri Marthi Naik', 17, NULL, NULL, NULL, NULL, 11, NULL, NULL, NULL, 17, '1950-07-19', '1970-07-03', '2010-07-31', 'Retired', '2016-08-26', NULL, 0, 51),
(494, 'Sri Dillip Ku. Naik', 17, NULL, NULL, NULL, NULL, 11, NULL, NULL, NULL, 22, '1954-05-04', '1986-12-01', '2012-05-31', 'Retired', '2016-08-26', NULL, 0, 52),
(495, 'Late-Muna Naik', 17, NULL, NULL, NULL, NULL, 11, NULL, NULL, NULL, 14, '1955-05-23', '1999-06-01', '2008-06-14', 'Retired', '2016-08-26', NULL, 0, 53),
(496, 'Sri Dandapani Pradhan', 17, NULL, NULL, NULL, NULL, 11, NULL, NULL, NULL, 21, '1955-04-06', '1984-03-01', '2013-04-30', 'Retired', '2016-08-26', NULL, 0, 54),
(497, 'Sri Jogindra Pradhan', 17, NULL, NULL, NULL, NULL, 11, NULL, NULL, NULL, 21, '1955-04-03', '1984-03-01', '2013-04-30', 'Retired', '2016-08-26', NULL, 0, 54),
(498, 'Sri Balak Nahak', 17, NULL, NULL, NULL, NULL, 11, NULL, NULL, NULL, 21, '1954-07-01', '1992-01-02', '2014-06-30', 'Retired', '2016-08-26', NULL, 0, 54),
(499, 'Late-Arjun Naik', 17, NULL, NULL, NULL, NULL, 11, NULL, NULL, NULL, 24, '1924-07-01', '1962-08-04', '1996-03-20', 'Retired', '2016-08-26', NULL, 0, 55),
(500, 'Sri B.N Pati', 17, NULL, NULL, NULL, NULL, 11, NULL, NULL, NULL, 24, '1944-07-01', '1970-03-05', '2004-06-30', 'Retired', '2016-08-26', NULL, 0, 55),
(501, 'Sri Jalandhar Naik', 17, NULL, NULL, NULL, NULL, 11, NULL, NULL, NULL, 24, '1938-02-02', '1962-08-04', '1994-02-28', 'Retired', '2016-08-26', NULL, 0, 55),
(502, 'Late-Udayanath Gouda', 17, NULL, NULL, NULL, NULL, 11, NULL, NULL, NULL, 24, '1950-06-05', '1974-01-01', '1996-10-05', 'Retired', '2016-08-26', NULL, 0, 55),
(503, 'Late-Shyam Sundar Suar', 17, NULL, NULL, NULL, NULL, 11, NULL, NULL, NULL, 24, '1934-02-06', '1964-04-07', '1994-02-28', 'Retired', '2016-08-26', NULL, 0, 55),
(504, 'Smt. Subi Naik', 17, NULL, NULL, NULL, NULL, 11, NULL, NULL, NULL, 24, '1939-07-01', '1957-09-01', '1999-06-30', 'Retired', '2016-08-26', NULL, 0, 55),
(505, 'Sri Hari Arjun Rath', 17, NULL, NULL, NULL, NULL, 11, NULL, NULL, NULL, 24, '1939-07-01', '1965-12-01', '1993-04-30', 'Retired', '2016-08-26', NULL, 0, 55),
(506, 'Late-Keshab Naik', 17, NULL, NULL, NULL, NULL, 11, NULL, NULL, NULL, 24, '1935-07-01', '1962-08-04', '1994-02-28', 'Retired', '2016-08-26', NULL, 0, 55),
(507, 'Sri Dandia Bisoi', 17, NULL, NULL, NULL, NULL, 11, NULL, NULL, NULL, 24, '1944-07-01', '1969-07-24', '2004-06-30', 'Retired', '2016-08-26', NULL, 0, 55),
(508, 'Late-M. Rabindra Patra', 17, NULL, NULL, NULL, NULL, 11, NULL, NULL, NULL, 24, '1956-03-10', '1976-06-10', '1997-08-30', 'Retired', '2016-08-26', NULL, 0, 55),
(509, 'Late-Mitika Naik', 17, NULL, NULL, NULL, NULL, 11, NULL, NULL, NULL, 24, '1954-07-01', '1980-07-01', '2008-09-16', 'Retired', '2016-08-26', NULL, 0, 55),
(510, 'Late-Paradesi Naik', 17, NULL, NULL, NULL, NULL, 11, NULL, NULL, NULL, 24, '1955-07-01', '1974-01-01', '2010-09-11', 'Retired', '2016-08-26', NULL, 0, 55),
(511, 'Smt. Ali Naikani', 17, NULL, NULL, NULL, NULL, 11, NULL, NULL, NULL, 24, '1941-02-04', '1965-12-01', '2001-02-28', 'Retired', '2016-08-26', NULL, 0, 55),
(512, 'Sri Rameswar Mukhi', 17, NULL, NULL, NULL, NULL, 22, NULL, NULL, NULL, 90, '1954-06-18', '1976-06-19', '2014-06-30', 'Retired', '2016-08-26', NULL, 0, 56),
(513, 'Late-Narendra Ku. Das', 17, NULL, NULL, NULL, NULL, 22, NULL, NULL, NULL, 90, '1958-08-15', '1989-04-01', '2014-02-05', 'Retired', '2016-08-26', NULL, 0, 56),
(514, 'Late-Arjun Mukhi', 17, NULL, NULL, NULL, NULL, 31, NULL, NULL, NULL, 73, '1939-06-16', '1965-07-26', '1997-03-31', 'Retired', '2016-08-26', NULL, 0, 57),
(515, 'Sri Santosh Ku. Mohanty', 17, NULL, NULL, NULL, NULL, 31, NULL, NULL, NULL, 73, '1951-06-25', '1974-11-08', '2009-06-30', 'Retired', '2016-08-26', NULL, 0, 57),
(516, 'Sri Adibananda Mohanty', 17, NULL, NULL, NULL, NULL, 31, NULL, NULL, NULL, 73, '1954-07-19', '1992-07-10', '2012-07-31', 'Retired', '2016-08-26', NULL, 0, 57),
(517, 'Sri Narottam Dehury', 17, NULL, NULL, NULL, NULL, 28, NULL, NULL, NULL, 103, '1950-12-03', '1969-12-15', '2010-12-31', 'Retired', '2016-08-26', NULL, 0, 59),
(518, 'Sri Kamara Pradhan', 17, NULL, NULL, NULL, NULL, 28, NULL, NULL, NULL, 103, '1949-10-02', '1984-10-22', '2009-10-31', 'Retired', '2016-08-26', NULL, 0, 59),
(519, 'Sri Biswanath Sahoo', 17, NULL, NULL, NULL, NULL, 28, NULL, NULL, NULL, 103, '1952-11-17', '1980-02-29', '2010-11-30', 'Retired', '2016-08-26', NULL, 0, 59),
(520, 'Prafulla Bela(Bela Kaut)', 17, NULL, NULL, NULL, NULL, 28, NULL, NULL, NULL, 103, '1948-05-27', '1971-03-18', '2008-05-31', 'Retired', '2016-08-26', NULL, 0, 59),
(521, 'Sri Sanyasi Ghasi(Kalet)', 17, NULL, NULL, NULL, NULL, 28, NULL, NULL, NULL, 103, '1950-01-07', '1970-02-05', '2010-01-31', 'Retired', '2016-08-26', NULL, 0, 59),
(522, 'Sri Keshab Ch. Sharma', 17, NULL, NULL, NULL, NULL, 28, NULL, NULL, NULL, 103, '1954-03-10', '1900-01-00', '2012-03-31', 'Retired', '2016-08-26', NULL, 0, 59),
(523, 'Sri Satyaranjan Bhoi', 17, NULL, NULL, NULL, NULL, 28, NULL, NULL, NULL, 103, '1955-04-03', '1900-01-00', '2013-04-30', 'Retired', '2016-08-26', NULL, 0, 59),
(524, 'Late-Bisal Kansari', 17, NULL, NULL, NULL, NULL, 28, NULL, NULL, NULL, 103, '1974-07-06', '1997-09-01', '2011-05-10', 'Retired', '2016-08-26', NULL, 0, 59),
(525, 'Sri Anadi Suna', 17, NULL, NULL, NULL, NULL, 28, NULL, NULL, NULL, 103, '1952-10-05', '1900-01-00', '2012-10-31', 'Retired', '2016-08-26', NULL, 0, 59),
(526, 'Smt. Nima Beherani', 17, NULL, NULL, NULL, NULL, 4, NULL, NULL, NULL, 31, '1953-07-01', '1976-07-12', '2013-06-30', 'Retired', '2016-08-26', NULL, 0, 22),
(527, 'Late-Nimai Charan Behera', 17, NULL, NULL, NULL, NULL, 19, NULL, NULL, NULL, 41, '1955-08-05', '1982-11-10', '2008-05-25', 'Retired', '2016-08-26', NULL, 0, 60),
(528, 'Late-Babaji Charan Das', 17, NULL, NULL, NULL, NULL, 7, NULL, NULL, NULL, 40, '1969-09-03', '1992-03-09', '2014-06-19', 'Retired', '2016-08-26', NULL, 0, 31),
(529, 'Sri Birendra Kumar Sahoo', 17, NULL, NULL, NULL, NULL, 20, NULL, NULL, NULL, 85, '1954-04-24', '1979-05-09', '2012-04-30', 'Retired', '2016-08-26', NULL, 0, 61),
(530, 'Sri Khali Pattanaik', 17, NULL, NULL, NULL, NULL, 20, NULL, NULL, NULL, 84, '1956-01-15', '1982-07-21', '2014-01-31', 'Retired', '2016-08-26', NULL, 0, 62),
(531, 'Late-Ramesh Chandra Satapathy', 17, NULL, NULL, NULL, NULL, 20, NULL, NULL, NULL, 84, '1969-10-22', '1994-01-19', '2004-11-16', 'Retired', '2016-08-26', NULL, 0, 62),
(532, 'Late-Laxmidhar Tripathy', 17, NULL, NULL, NULL, NULL, 1, NULL, NULL, NULL, 1, '1949-03-31', '1972-02-18', '2007-03-31', 'Retired', '2016-08-26', NULL, 0, 5),
(533, 'Sri Panchanath Sahoo', 17, NULL, NULL, NULL, NULL, 1, NULL, NULL, NULL, 1, '1954-10-12', '1979-10-02', '2014-10-31', 'Retired', '2016-08-26', NULL, 0, 5),
(534, 'Sri Duryodhan Jena', 17, NULL, NULL, NULL, NULL, 9, NULL, NULL, NULL, 5, '1954-07-01', '1976-01-15', '2014-06-30', 'Retired', '2016-08-26', NULL, 0, 11),
(535, 'Smt. Kuntala Dei', 17, NULL, NULL, NULL, NULL, 9, NULL, NULL, NULL, 5, '1951-11-05', '1973-07-17', '2011-11-30', 'Retired', '2016-08-26', NULL, 0, 11),
(536, 'Sri Sarangadhar Bahalia', 17, NULL, NULL, NULL, NULL, 9, NULL, NULL, NULL, 6, '1954-04-22', '1987-02-05', '2012-04-30', 'Retired', '2016-08-26', NULL, 0, 12),
(537, 'Late-Shesadev Rout', 17, NULL, NULL, NULL, NULL, 9, NULL, NULL, NULL, 6, '1959-04-02', '1992-01-01', '2013-01-27', 'Retired', '2016-08-26', NULL, 0, 12),
(538, 'Late-Trilochan Naik', 17, NULL, NULL, NULL, NULL, 9, NULL, NULL, NULL, 4, '1959-01-12', '1982-08-01', '2010-08-25', 'Retired', '2016-08-26', NULL, 0, 7),
(539, 'Sri Naba Naik', 17, NULL, NULL, NULL, NULL, 26, NULL, NULL, NULL, 98, '1948-02-11', '1974-05-01', '2008-02-28', 'Retired', '2016-08-26', NULL, 0, 48),
(540, 'Late-Braja Naik', 17, NULL, NULL, NULL, NULL, 26, NULL, NULL, NULL, 98, '1954-07-01', '1985-01-01', '2003-07-27', 'Retired', '2016-08-26', NULL, 0, 48),
(541, 'Late-Rama Naik', 17, NULL, NULL, NULL, NULL, 26, NULL, NULL, NULL, 98, '1943-06-06', '1968-06-06', '2003-06-30', 'Retired', '2016-08-26', NULL, 0, 48),
(542, 'Late-Purna Chandra Sabat', 17, NULL, NULL, NULL, NULL, 26, NULL, NULL, NULL, 98, '1953-03-29', '1973-01-13', '2010-07-16', 'Retired', '2016-08-26', NULL, 0, 48),
(543, 'Late-Krushna Chandra Behera', 17, NULL, NULL, NULL, NULL, 26, NULL, NULL, NULL, 98, '1928-10-02', '1963-02-01', '1998-10-31', 'Retired', '2016-08-26', NULL, 0, 48),
(544, 'Late-Satrughana Naik', 17, NULL, NULL, NULL, NULL, 26, NULL, NULL, NULL, 98, '1945-07-19', '1979-10-01', '2005-07-31', 'Retired', '2016-08-26', NULL, 0, 48),
(545, 'Parbati Dei', 17, NULL, NULL, NULL, NULL, 26, NULL, NULL, NULL, 98, '1952-12-01', '1969-10-25', '2012-11-30', 'Retired', '2016-08-26', NULL, 0, 48),
(546, 'Smt Gurubari Naik', 17, NULL, NULL, NULL, NULL, 26, NULL, NULL, NULL, 98, '1947-03-01', '1965-12-01', '2007-03-31', 'Retired', '2016-08-26', NULL, 0, 48),
(547, 'Sri Shyam Sundar Panda', 17, NULL, NULL, NULL, NULL, 26, NULL, NULL, NULL, 98, '1948-07-14', '1968-01-31', '2008-07-31', 'Retired', '2016-08-26', NULL, 0, 48),
(548, 'Sri Karia Naik', 17, NULL, NULL, NULL, NULL, 26, NULL, NULL, NULL, 98, '1945-11-20', '1967-11-20', '2005-11-30', 'Retired', '2016-08-26', NULL, 0, 48),
(549, 'Sri Prahallad Patra', 17, NULL, NULL, NULL, NULL, 5, NULL, NULL, NULL, 74, '1949-07-12', '1976-01-01', '2007-07-31', 'Retired', '2016-08-26', NULL, 0, 24),
(550, 'Sanju Suna', 17, NULL, NULL, NULL, NULL, 5, NULL, NULL, NULL, 74, '1946-10-01', '1971-01-11', '2006-09-30', 'Retired', '2016-08-26', NULL, 0, 24),
(551, 'Sri Surendra Tripathy', 17, NULL, NULL, NULL, NULL, 5, NULL, NULL, NULL, 74, '1953-01-09', '1971-05-01', '2011-01-31', 'Retired', '2016-08-26', NULL, 0, 24),
(552, 'Sri Basudev Nag', 17, NULL, NULL, NULL, NULL, 5, NULL, NULL, NULL, 74, '1953-04-28', '1972-12-07', '2011-04-30', 'Retired', '2016-08-26', NULL, 0, 24),
(553, 'Sri Ratnakar Budek', 17, NULL, NULL, NULL, NULL, 5, NULL, NULL, NULL, 74, '1953-02-22', '1972-12-07', '2013-02-28', 'Retired', '2016-08-26', NULL, 0, 24),
(554, 'Late-Sraban Kumar', 17, NULL, NULL, NULL, NULL, 23, NULL, NULL, NULL, 93, '1966-07-01', '1988-11-02', '2011-09-10', 'Retired', '2016-08-26', NULL, 0, 14),
(555, 'Late-Jogesh Chandra Baboo', 17, NULL, NULL, NULL, NULL, 28, NULL, NULL, NULL, 103, '1942-01-02', '1962-03-06', '2000-01-31', 'Retired', '2016-08-26', NULL, 0, 59),
(556, 'Late-Babuna Tandi', 17, NULL, NULL, NULL, NULL, 23, NULL, NULL, NULL, 93, '1967-01-07', '1993-04-07', '2009-04-30', 'Retired', '2016-08-26', NULL, 0, 14),
(557, 'Sri Niranjan Naik', 17, NULL, NULL, NULL, NULL, 5, NULL, NULL, NULL, 74, '1953-04-01', '1978-06-19', '2013-03-31', 'Retired', '2016-08-26', NULL, 0, 24),
(558, 'Late-Sunalal Tandi', 17, NULL, NULL, NULL, NULL, 23, NULL, NULL, NULL, 93, '1955-07-01', '1976-09-15', '2012-04-29', 'Retired', '2016-08-26', NULL, 0, 14),
(559, 'Late-Murali Naik', 17, NULL, NULL, NULL, NULL, 19, NULL, NULL, NULL, 83, '1956-06-13', '1980-12-26', '2010-06-28', 'Retired', '2016-08-26', NULL, 0, 30),
(560, 'Late-Kishan Gorla', 17, NULL, NULL, NULL, NULL, 23, NULL, NULL, NULL, 93, '1961-07-01', '1981-01-01', '2008-10-18', 'Retired', '2016-08-26', NULL, 0, 14),
(561, 'Sri Subash Chandr Bhoi', 17, NULL, NULL, NULL, NULL, 23, NULL, NULL, NULL, 93, '1953-05-15', '1976-05-10', '2013-09-30', 'Retired', '2016-08-26', NULL, 0, 14),
(562, 'Sri Pravakar Kalia', 17, NULL, NULL, NULL, NULL, 19, NULL, NULL, NULL, 83, '1956-02-14', '1982-01-16', '2014-02-28', 'Retired', '2016-08-26', NULL, 0, 30),
(563, 'Smt. Rukmani Patar', 17, NULL, NULL, NULL, NULL, 23, NULL, NULL, NULL, 93, '1953-07-01', '1985-09-27', '2013-06-30', 'Retired', '2016-08-26', NULL, 0, 14),
(564, 'Sri Satya Narayan Behera', 17, NULL, NULL, NULL, NULL, 23, NULL, NULL, NULL, 93, '1952-01-12', '1978-07-01', '2010-01-31', 'Retired', '2016-08-26', NULL, 0, 14),
(565, 'Presh Kumar Pradhan', 17, NULL, NULL, NULL, NULL, 23, NULL, NULL, NULL, 93, '1956-05-20', '1981-01-01', '2014-05-31', 'Retired', '2016-08-26', NULL, 0, 14),
(566, 'Smt. Inda Bewa', 17, NULL, NULL, NULL, NULL, 26, NULL, NULL, NULL, 98, '1943-03-02', '1969-10-25', '2003-03-31', 'Retired', '2016-08-26', NULL, 0, 48),
(567, 'Late-Jogi Naik', 17, NULL, NULL, NULL, NULL, 26, NULL, NULL, NULL, 98, '1948-06-06', '1968-06-06', '2005-01-03', 'Retired', '2016-08-26', NULL, 0, 48),
(568, 'Late-Pahala Naik', 17, NULL, NULL, NULL, NULL, 26, NULL, NULL, NULL, 98, '1938-03-01', '1963-12-01', '1998-02-28', 'Retired', '2016-08-26', NULL, 0, 48),
(569, 'Sri Radhashyam Mohapatra', 17, NULL, NULL, NULL, NULL, 26, NULL, NULL, NULL, 98, '1954-10-21', '1982-10-19', '2012-10-31', 'Retired', '2016-08-26', NULL, 0, 48),
(570, 'Smt. Kuntala Bewa', 17, NULL, NULL, NULL, NULL, 26, NULL, NULL, NULL, 98, '1948-12-03', '1969-11-01', '2008-12-31', 'Retired', '2016-08-26', NULL, 0, 48),
(571, 'Sri Gokul Chandra Satapathy', 17, NULL, NULL, NULL, NULL, 26, NULL, NULL, NULL, 98, '1947-02-25', '1973-07-26', '2005-02-28', 'Retired', '2016-08-26', NULL, 0, 48),
(572, 'Late-Ramesh Ku. Rath', 17, NULL, NULL, NULL, NULL, 26, NULL, NULL, NULL, 98, '1959-01-10', '1992-01-31', '2008-12-06', 'Retired', '2016-08-26', NULL, 0, 48),
(573, 'Smt. Brundabati Patra', 17, NULL, NULL, NULL, NULL, 26, NULL, NULL, NULL, 98, '1951-10-31', '1990-07-12', '2011-10-31', 'Retired', '2016-08-26', NULL, 0, 48),
(574, 'Late-Sahadev Bhoi', 17, NULL, NULL, NULL, NULL, 26, NULL, NULL, NULL, 98, '1947-11-20', '1989-01-16', '2007-11-30', 'Retired', '2016-08-26', NULL, 0, 48),
(575, 'Late -Murali Naik', 17, NULL, NULL, NULL, NULL, 26, NULL, NULL, NULL, 98, '1946-12-03', '1969-10-29', '2009-10-02', 'Retired', '2016-08-26', NULL, 0, 48),
(576, 'Late-Madhia Naik', 17, NULL, NULL, NULL, NULL, 26, NULL, NULL, NULL, 98, '1949-03-05', '1968-01-01', '2007-12-01', 'Retired', '2016-08-26', NULL, 0, 48),
(577, 'Sri Dhania Naik', 17, NULL, NULL, NULL, NULL, 26, NULL, NULL, NULL, 98, '1947-11-01', '1969-11-01', '2007-10-31', 'Retired', '2016-08-26', NULL, 0, 48),
(578, 'Susila Dei', 17, NULL, NULL, NULL, NULL, 26, NULL, NULL, NULL, 98, '1950-12-03', '1969-11-01', '2010-12-31', 'Retired', '2016-08-26', NULL, 0, 48),
(579, 'Sri Hari Naik', 17, NULL, NULL, NULL, NULL, 26, NULL, NULL, NULL, 98, '1948-04-03', '1967-12-01', '2008-04-30', 'Retired', '2016-08-26', NULL, 0, 48),
(580, 'Late-Jogi Naik', 17, NULL, NULL, NULL, NULL, 26, NULL, NULL, NULL, 98, '1949-09-20', '1984-09-20', '2009-09-30', 'Retired', '2016-08-26', NULL, 0, 48),
(581, 'Suruchibala Ray', 17, NULL, NULL, NULL, NULL, 26, NULL, NULL, NULL, 98, '1939-07-27', '1973-04-25', '1997-04-30', 'Retired', '2016-08-26', NULL, 0, 48),
(582, 'Indumati Das', 17, NULL, NULL, NULL, NULL, 26, NULL, NULL, NULL, 98, '1935-06-27', '1957-05-20', '1995-06-30', 'Retired', '2016-08-26', NULL, 0, 48),
(583, 'Mandira Bewa', 17, NULL, NULL, NULL, NULL, 26, NULL, NULL, NULL, 98, '1944-02-03', '1969-08-10', '1993-08-01', 'Retired', '2016-08-26', NULL, 0, 48),
(584, 'Late-Kartik Naik', 17, NULL, NULL, NULL, NULL, 26, NULL, NULL, NULL, 98, '1927-04-17', '1949-04-01', '1987-04-30', 'Retired', '2016-08-26', NULL, 0, 48),
(585, 'Sri Garudeswar Bisoi', 17, NULL, NULL, NULL, NULL, 26, NULL, NULL, NULL, 98, '1943-12-22', '1963-11-04', '2003-12-31', 'Retired', '2016-08-26', NULL, 0, 48),
(586, 'Late-Jogindra Naik', 17, NULL, NULL, NULL, NULL, 26, NULL, NULL, NULL, 98, '1937-09-01', '1962-09-01', '1997-08-31', 'Retired', '2016-08-26', NULL, 0, 48),
(587, 'Late-Jagua Naik', 17, NULL, NULL, NULL, NULL, 26, NULL, NULL, NULL, 98, '1947-06-06', '1968-06-06', '2004-09-22', 'Retired', '2016-08-26', NULL, 0, 48),
(588, 'Late-Laxmi Dei', 17, NULL, NULL, NULL, NULL, 26, NULL, NULL, NULL, 98, '1949-10-30', '1980-01-01', '1996-04-04', 'Retired', '2016-08-26', NULL, 0, 48),
(589, 'Late-Achuta Naik', 17, NULL, NULL, NULL, NULL, 26, NULL, NULL, NULL, 98, '1952-08-03', '1976-12-01', '2005-11-16', 'Retired', '2016-08-26', NULL, 0, 48),
(590, 'Late-Kalakati Naik', 17, NULL, NULL, NULL, NULL, 26, NULL, NULL, NULL, 98, '1936-03-01', '1963-12-01', '1996-01-15', 'Retired', '2016-08-26', NULL, 0, 48),
(591, 'Susama Bewa', 17, NULL, NULL, NULL, NULL, 26, NULL, NULL, NULL, 98, '1943-08-11', '1967-08-11', '2003-08-31', 'Retired', '2016-08-26', NULL, 0, 48),
(592, 'Kushal rana', 17, NULL, NULL, NULL, NULL, 4, NULL, NULL, NULL, 32, '1954-10-02', '1987-03-17', '2014-02-28', 'Retired', '2016-08-26', NULL, 0, 63),
(593, 'Sri Daitari Bhoi', 17, NULL, NULL, NULL, NULL, 26, NULL, NULL, NULL, 98, '1937-05-23', '1959-10-01', '1997-05-03', 'Retired', '2016-08-26', NULL, 0, 48),
(594, 'Late-Laxminath Swain', 17, NULL, NULL, NULL, NULL, 26, NULL, NULL, NULL, 98, '1961-05-02', '1993-07-01', '1999-08-05', 'Retired', '2016-08-26', NULL, 0, 48),
(595, 'Late-Bhaskar Moharana', 17, NULL, NULL, NULL, NULL, 26, NULL, NULL, NULL, 98, '1952-04-07', '1977-09-01', '2005-03-09', 'Retired', '2016-08-26', NULL, 0, 48),
(596, 'Late-Radhanath Mohapatra', 17, NULL, NULL, NULL, NULL, 26, NULL, NULL, NULL, 98, '1936-10-17', '1958-11-24', '1996-10-31', 'Retired', '2016-08-26', NULL, 0, 48),
(597, 'Late-Basant Naik', 17, NULL, NULL, NULL, NULL, 26, NULL, NULL, NULL, 98, '1941-04-01', '1966-04-01', '1999-11-08', 'Retired', '2016-08-26', NULL, 0, 48),
(598, 'Labanya Dei', 17, NULL, NULL, NULL, NULL, 26, NULL, NULL, NULL, 98, '1928-02-11', '1963-04-01', '1988-01-31', 'Retired', '2016-08-26', NULL, 0, 48),
(599, 'Late-Tiki Dei', 17, NULL, NULL, NULL, NULL, 26, NULL, NULL, NULL, 98, '1962-01-07', '1988-03-21', '2007-06-14', 'Retired', '2016-08-26', NULL, 0, 48),
(600, 'Smt. Sari Dei', 17, NULL, NULL, NULL, NULL, 26, NULL, NULL, NULL, 98, '1946-05-17', '1973-10-07', '2006-05-31', 'Retired', '2016-08-26', NULL, 0, 48),
(601, 'Late-Sukanta Naik', 17, NULL, NULL, NULL, NULL, 26, NULL, NULL, NULL, 98, '1966-08-12', '1985-01-08', '2002-10-16', 'Retired', '2016-08-26', NULL, 0, 48),
(602, 'Late-Meena Dei', 17, NULL, NULL, NULL, NULL, 26, NULL, NULL, NULL, 98, '1964-02-20', '1984-02-20', '2007-03-02', 'Retired', '2016-08-26', NULL, 0, 48),
(603, 'Smt. Sumana Dei', 17, NULL, NULL, NULL, NULL, 26, NULL, NULL, NULL, 98, '1948-06-06', '1968-06-06', '2008-06-30', 'Retired', '2016-08-26', NULL, 0, 48),
(604, 'Sri Dhira Behera', 17, NULL, NULL, NULL, NULL, 26, NULL, NULL, NULL, 98, '1948-12-03', '1969-11-01', '2008-12-31', 'Retired', '2016-08-26', NULL, 0, 48),
(605, 'Sri Dhaneswar Naik', 17, NULL, NULL, NULL, NULL, 26, NULL, NULL, NULL, 98, '1949-12-01', '1969-10-25', '2009-11-30', 'Retired', '2016-08-26', NULL, 0, 48),
(606, 'Smt. Sebati Dei', 17, NULL, NULL, NULL, NULL, 26, NULL, NULL, NULL, 98, '1948-02-09', '1984-02-13', '2008-02-28', 'Retired', '2016-08-26', NULL, 0, 48),
(607, 'Smt. Mina Bewa', 17, NULL, NULL, NULL, NULL, 26, NULL, NULL, NULL, 98, '1945-04-01', '1962-04-01', '2005-03-31', 'Retired', '2016-08-26', NULL, 0, 48),
(608, 'Smt. Labani Dei', 17, NULL, NULL, NULL, NULL, 26, NULL, NULL, NULL, 98, '1947-08-01', '1977-03-26', '2008-05-31', 'Retired', '2016-08-26', NULL, 0, 48),
(609, 'Late-Panchanana Naik', 17, NULL, NULL, NULL, NULL, 26, NULL, NULL, NULL, 98, '1954-11-08', '1974-05-01', '2009-01-09', 'Retired', '2016-08-26', NULL, 0, 48),
(610, 'Sri Rajkishore Dash', 17, NULL, NULL, NULL, NULL, 26, NULL, NULL, NULL, 98, '1952-02-05', '1986-07-18', '2010-02-28', 'Retired', '2016-08-26', NULL, 0, 48),
(611, 'Sri Sania Mukhi', 17, NULL, NULL, NULL, NULL, 26, NULL, NULL, NULL, 98, '1946-07-01', '1968-06-06', '2006-06-30', 'Retired', '2016-08-26', NULL, 0, 48),
(612, 'Mahadei', 17, NULL, NULL, NULL, NULL, 26, NULL, NULL, NULL, 98, '1947-09-01', '1968-09-01', '2007-08-31', 'Retired', '2016-08-26', NULL, 0, 48),
(613, 'Sri Subal Naik', 17, NULL, NULL, NULL, NULL, 26, NULL, NULL, NULL, 98, '1948-08-17', '1974-06-01', '2008-08-31', 'Retired', '2016-08-26', NULL, 0, 48),
(614, 'Late-Gouri Naik', 17, NULL, NULL, NULL, NULL, 26, NULL, NULL, NULL, 98, '1950-12-20', '1969-10-25', '2007-11-07', 'Retired', '2016-08-26', NULL, 0, 48),
(615, 'Sri Gandu Naik', 17, NULL, NULL, NULL, NULL, 26, NULL, NULL, NULL, 98, '1948-08-01', '1968-08-01', '2008-07-31', 'Retired', '2016-08-26', NULL, 0, 48),
(616, 'Sri Dhandia Naik', 17, NULL, NULL, NULL, NULL, 26, NULL, NULL, NULL, 98, '1950-03-01', '1968-12-01', '2010-02-28', 'Retired', '2016-08-26', NULL, 0, 48),
(617, 'Sri Jogendra Nath Subudhi', 17, NULL, NULL, NULL, NULL, 26, NULL, NULL, NULL, 98, '1943-01-05', '1961-09-11', '2003-01-31', 'Retired', '2016-08-26', NULL, 0, 48),
(618, 'Sri Shyam Sundar Mishra', 17, NULL, NULL, NULL, NULL, 26, NULL, NULL, NULL, 98, '1949-01-27', '1976-10-11', '2009-01-31', 'Retired', '2016-08-26', NULL, 0, 48),
(619, 'Late-Niranjan Tripathy', 17, NULL, NULL, NULL, NULL, 26, NULL, NULL, NULL, 98, '1960-01-02', '1993-07-01', '2006-10-04', 'Retired', '2016-08-26', NULL, 0, 48),
(620, 'Sri Harihara Sahu', 17, NULL, NULL, NULL, NULL, 26, NULL, NULL, NULL, 98, '1950-09-12', '1974-06-20', '2010-09-30', 'Retired', '2016-08-26', NULL, 0, 48),
(621, 'Late-Ramchandra Pujapanda', 17, NULL, NULL, NULL, NULL, 26, NULL, NULL, NULL, 98, '1945-06-13', '1973-01-23', '2005-06-30', 'Retired', '2016-08-26', NULL, 0, 48),
(622, 'S4i Giridhari Mohanty', 17, NULL, NULL, NULL, NULL, 26, NULL, NULL, NULL, 98, '1945-09-25', '1974-04-02', '2005-09-30', 'Retired', '2016-08-26', NULL, 0, 48);

-- --------------------------------------------------------

--
-- Table structure for table `pension_history`
--

CREATE TABLE `pension_history` (
  `history_id` int(11) NOT NULL,
  `pension_id` int(11) NOT NULL,
  `ulb_ref_no` text NOT NULL,
  `ulb_ref_date` date DEFAULT NULL,
  `department_ref_no` text,
  `department_ref_date` date DEFAULT NULL,
  `section_ref_no` text,
  `section_ref_date` date DEFAULT NULL
) ENGINE=InnoDB DEFAULT CHARSET=latin1;

--
-- Dumping data for table `pension_history`
--

INSERT INTO `pension_history` (`history_id`, `pension_id`, `ulb_ref_no`, `ulb_ref_date`, `department_ref_no`, `department_ref_date`, `section_ref_no`, `section_ref_date`) VALUES
(20, 12, '123', '2016-08-08', NULL, NULL, NULL, NULL),
(21, 12, '123456', '2016-08-09', '1234', '2016-08-13', '12345', '2016-08-13'),
(22, 527, '123', '2016-09-18', NULL, NULL, NULL, NULL),
(23, 527, '23423', '2016-09-20', NULL, NULL, NULL, NULL),
(24, 527, '211', '2016-09-01', NULL, NULL, NULL, NULL),
(25, 13, '', NULL, '123', '2016-09-18', '456', '2016-09-13');

-- --------------------------------------------------------

--
-- Table structure for table `retirement_pension`
--

CREATE TABLE `retirement_pension` (
  `pension_id` int(11) NOT NULL,
  `emp_id` int(11) NOT NULL,
  `pension_type` text,
  `pension_category` text,
  `documents` text,
  `pending_at` text,
  `file_no` text,
  `dod` date DEFAULT NULL,
  `remarks` text,
  `nominee` text,
  `relation` text,
  `Status` text NOT NULL
) ENGINE=InnoDB DEFAULT CHARSET=latin1;

--
-- Dumping data for table `retirement_pension`
--

INSERT INTO `retirement_pension` (`pension_id`, `emp_id`, `pension_type`, `pension_category`, `documents`, `pending_at`, `file_no`, `dod`, `remarks`, `nominee`, `relation`, `Status`) VALUES
(13, 18, NULL, NULL, NULL, 'Central Office', '13-48-a-11/2016', '0000-00-00', 'Compliance of Audit Objection on Pension', NULL, NULL, ''),
(14, 19, NULL, NULL, NULL, 'ULB', '13-48-A-40/2015', '0000-00-00', 'Compliance Of Audit Objection', NULL, NULL, ''),
(15, 20, NULL, NULL, NULL, 'ULB', '13-48-a-61/2014', '2003-08-03', 'Compliance Of Audit Objection', NULL, NULL, ''),
(16, 21, NULL, NULL, NULL, 'ULB', '13-48-A-146/2015', '0000-00-00', 'Compliance Of Audit Objection', NULL, NULL, ''),
(17, 22, NULL, NULL, NULL, 'ULB', '13-48-A-75/2014', '2012-08-17', 'Compliance Of Audit Objection', NULL, NULL, ''),
(18, 23, NULL, NULL, NULL, 'ULB', 'PEN (B)-2726/2011', '0000-00-00', 'Compliance Of Audit Objection', NULL, NULL, ''),
(19, 24, NULL, NULL, NULL, 'ULB', 'PEN(A)-2724/2011', '0000-00-00', 'Compliance Of Audit Objection', NULL, NULL, ''),
(20, 25, NULL, NULL, NULL, 'ULB', 'PEN(B)-2721-2O11', '2001-12-08', 'Compliance Of Audit Objection', NULL, NULL, ''),
(21, 26, NULL, NULL, NULL, 'ULB', '13-48-A-26/2016', '0000-00-00', 'Compliance Of Audit Objection', NULL, NULL, ''),
(22, 27, NULL, NULL, NULL, 'ULB', '13-48-A-63/2014', '2001-12-08', 'Compliance Of Audit Objection', NULL, NULL, ''),
(23, 28, NULL, NULL, NULL, 'ULB', '13-48-A-71/2014', '2003-03-01', 'Compliance Of Audit Objection', NULL, NULL, ''),
(24, 29, NULL, NULL, NULL, 'ULB', '13-48-A-99/2014', '1999-10-20', 'Compliance of Audit Objection', NULL, NULL, ''),
(25, 30, NULL, NULL, NULL, 'ULB', '13-48-A-448/2013', '2006-10-27', 'Compliance of Audit Objection', NULL, NULL, ''),
(26, 31, NULL, NULL, NULL, 'ULB', 'PEN(48)-A-13/2012', '0000-00-00', 'Compliance of Audit Objection', NULL, NULL, ''),
(27, 32, NULL, NULL, NULL, 'ULB', '13-48-A-103/2014', '2000-03-07', 'Compliance of Audit Objection', NULL, NULL, ''),
(28, 33, NULL, NULL, NULL, 'ULB', 'PEN(48)-188/2012', '2003-10-19', 'Compliance of Audit Objection', NULL, NULL, ''),
(29, 34, NULL, NULL, NULL, 'ULB', '13-48-A-100/2014', '0000-00-00', 'Compliance of Audit Objection', NULL, NULL, ''),
(30, 35, NULL, NULL, NULL, 'ULB', '13-48-A-90/2014', '0000-00-00', 'Compliance of Audit Objection', NULL, NULL, ''),
(31, 36, NULL, NULL, NULL, 'ULB', '13-48-A-91/2014', '0000-00-00', 'Compliance of Audit Objection', NULL, NULL, ''),
(32, 37, NULL, NULL, NULL, 'ULB', '13-48-A-92/2014', '0000-00-00', 'Compliance of Audit Objection', NULL, NULL, ''),
(33, 38, NULL, NULL, NULL, 'ULB', '13-48-A-101/2014', '0000-00-00', 'Compliance of Audit Objection', NULL, NULL, ''),
(34, 39, NULL, NULL, NULL, 'ULB', '13-48-A-98/2014', '2005-02-11', 'Compliance of Audit Objection', NULL, NULL, ''),
(35, 40, NULL, NULL, NULL, 'ULB', '13-48-A-94/2014', '2007-03-24', 'Compliance of Audit Objection', NULL, NULL, ''),
(36, 41, NULL, NULL, NULL, 'ULB', '13-48-A-88/2014', '0000-00-00', 'Compliance of Audit Objection', NULL, NULL, ''),
(37, 42, NULL, NULL, NULL, 'ULB', '13-48-A-89/2014', '2005-07-31', 'Compliance of Audit Objection', NULL, NULL, ''),
(38, 43, NULL, NULL, NULL, 'ULB', '13-48-A-102/2014-', '1998-02-05', 'Compliance of Audit Objection', NULL, NULL, ''),
(39, 44, NULL, NULL, NULL, 'ULB', 'PEN-4165/11', '0000-00-00', 'Compliance of Audit Objection', NULL, NULL, ''),
(40, 45, NULL, NULL, NULL, 'ULB', '13-48-A-45/2013', '0000-00-00', 'Compliance of Audit Objection', NULL, NULL, ''),
(41, 46, NULL, NULL, NULL, 'ULB', '13-48-A-414/2013', '0000-00-00', 'Compliance of Audit Objection', NULL, NULL, ''),
(42, 47, NULL, NULL, NULL, 'ULB', '13-48-A-173/2015', '0000-00-00', 'Compliance of Audit Objection', NULL, NULL, ''),
(43, 48, NULL, NULL, NULL, 'ULB', '13-48-A-104/2014', '2004-11-27', 'Compliance of Audit Objection', NULL, NULL, ''),
(44, 49, NULL, NULL, NULL, 'ULB', '13-48-A-3/2016', '0000-00-00', 'Compliance of Audit Objection', NULL, NULL, ''),
(45, 50, NULL, NULL, NULL, 'ULB', '13-48-A-19/15', '0000-00-00', 'Compliance of Audit Objection', NULL, NULL, ''),
(46, 51, NULL, NULL, NULL, 'ULB', '13-48-A-02/2015', '0000-00-00', 'Compliance of Audit Objection', NULL, NULL, ''),
(47, 52, NULL, NULL, NULL, 'ULB', '13-48-A-01/2015', '0000-00-00', 'Compliance of Audit Objection', NULL, NULL, ''),
(48, 53, NULL, NULL, NULL, 'ULB', '13-48-A-65/2011', '1900-01-29', 'Compliance of Audit Objection', NULL, NULL, ''),
(49, 54, NULL, NULL, NULL, 'ULB', '13-48-A-403/2015', '0000-00-00', 'Compliance of Audit Objection', NULL, NULL, ''),
(50, 55, NULL, NULL, NULL, 'ULB', '13-48-A-401/2015', '0000-00-00', 'Compliance of Audit Objection', NULL, NULL, ''),
(51, 56, NULL, NULL, NULL, 'ULB', '13-48-A-41/2014', '0000-00-00', 'Compliance of Audit Objection', NULL, NULL, ''),
(52, 57, NULL, NULL, NULL, 'ULB', '13-48-A-64/2014', '0000-00-00', 'Compliance of Audit Objection', NULL, NULL, ''),
(53, 58, NULL, NULL, NULL, 'ULB', '13-48-A-44/2013', '0000-00-00', 'Compliance of Audit Objection', NULL, NULL, ''),
(54, 59, NULL, NULL, NULL, 'ULB', '13-48-A-341/2013', '0000-00-00', 'Compliance of Audit Objection', NULL, NULL, ''),
(55, 60, NULL, NULL, NULL, 'ULB', '13-48-A-416/2015', '0000-00-00', 'Compliance of Audit Objection', NULL, NULL, ''),
(56, 61, NULL, NULL, NULL, 'ULB', '13-48-A-318/2015', '0000-00-00', 'Compliance of Audit Objection', NULL, NULL, ''),
(57, 62, NULL, NULL, NULL, 'ULB', '13-48-A-251/2015', '0000-00-00', 'Compliance of Audit Objection', NULL, NULL, ''),
(58, 63, NULL, NULL, NULL, 'ULB', '13-48-A-12/2016', '0000-00-00', 'Compliance of Audit Objection', NULL, NULL, ''),
(59, 64, NULL, NULL, NULL, 'ULB', '13-48-A-46/2015', '0000-00-00', 'Compliance of Audit Objection', NULL, NULL, ''),
(60, 65, NULL, NULL, NULL, 'ULB', '13-48-A-411/2015', '0000-00-00', 'Compliance of Audit Objection', NULL, NULL, ''),
(61, 66, NULL, NULL, NULL, 'ULB', '13-48-A-412/2015', '0000-00-00', 'Compliance OF Audit Objection', NULL, NULL, ''),
(62, 67, NULL, NULL, NULL, 'ULB', '13-48-A-79/2016', '0000-00-00', 'Compliance Of Audit Objection', NULL, NULL, ''),
(63, 68, NULL, NULL, NULL, 'ULB', '13-48-E-70/2016', '0000-00-00', 'Compliance OF Audit Objection', NULL, NULL, ''),
(64, 69, NULL, NULL, NULL, 'ULB', '13-48-E-71/2016', '0000-00-00', 'Compliance Of Audit Objection', NULL, NULL, ''),
(65, 70, NULL, NULL, NULL, 'ULB', '13-48-A-207/2015', '0000-00-00', 'Compliance Of Audit Objection', NULL, NULL, ''),
(66, 71, NULL, NULL, NULL, 'ULB', '13-48-E-72/2016', '0000-00-00', 'Compliance Of Audit Objection', NULL, NULL, ''),
(67, 72, NULL, NULL, NULL, 'ULB', '13-48-A-87/2014', '0000-00-00', 'Compliance OF Audit Objection', NULL, NULL, ''),
(68, 73, NULL, NULL, NULL, 'ULB', '13-48-E-145/2016', '0000-00-00', 'Compliance Of Audit Objection', NULL, NULL, ''),
(69, 74, NULL, NULL, NULL, 'ULB', '13-48-A-136/2015', '0000-00-00', 'Compliance Of Audit Objection', NULL, NULL, ''),
(70, 75, NULL, NULL, NULL, 'ULB', '13-48-A-184/2015', '0000-00-00', 'Compliance OF Audit Objection', NULL, NULL, ''),
(71, 76, NULL, NULL, NULL, 'ULB', '13-48-A-61/2015', '0000-00-00', 'Compliance OF Audit Objection', NULL, NULL, ''),
(72, 77, NULL, NULL, NULL, 'ULB', '13-48-A-60/2015', '0000-00-00', 'Compliance Of Audit Objection', NULL, NULL, ''),
(73, 78, NULL, NULL, NULL, 'ULB', '13-48-A-47A/2013', '2001-01-21', 'Compliance Of Audit Objection', NULL, NULL, ''),
(74, 79, NULL, NULL, NULL, 'ULB', '13-48-A-265/2015', '0000-00-00', 'Compliance Of Audit Objection', NULL, NULL, ''),
(75, 80, NULL, NULL, NULL, 'ULB', 'Mupl-Pen-(B)-1681/2011', '0000-00-00', 'Compliance Of Audit Objection', NULL, NULL, ''),
(76, 81, NULL, NULL, NULL, 'ULB', 'Mupl-PEN(B)-1630/2011', '1986-10-03', 'Compliance Of Audit Objection', NULL, NULL, ''),
(77, 82, NULL, NULL, NULL, 'ULB', '13-48-A-139/2014', '2004-10-31', 'Compliance Of Audit Objection', NULL, NULL, ''),
(78, 83, NULL, NULL, NULL, 'ULB', '13-48-A-138/2014', '0000-00-00', 'Compliance Of Audit Objection', NULL, NULL, ''),
(79, 84, NULL, NULL, NULL, 'ULB', '13-48-A-231/2015', '2012-03-18', 'Compliance Of Audit Objection', NULL, NULL, ''),
(80, 85, NULL, NULL, NULL, 'ULB', 'Mup-Pen(B)-1702/2011', '0000-00-00', 'Compliance Of Audit Objection', NULL, NULL, ''),
(81, 86, NULL, NULL, NULL, 'ULB', '13-48-A-382/2015', '0000-00-00', 'Compliance Of Audit Objection', NULL, NULL, ''),
(82, 87, NULL, NULL, NULL, 'ULB', '13-48-A-275/2015', '2012-09-05', 'Compliance Of Audit Objection', NULL, NULL, ''),
(83, 88, NULL, NULL, NULL, 'ULB', '13-48-A-344/2015', '0000-00-00', 'Compliance Of Audit Objection', NULL, NULL, ''),
(84, 89, NULL, NULL, NULL, 'ULB', '13-48-A-42/2015', '0000-00-00', 'Compliance Of Audit Objection', NULL, NULL, ''),
(85, 90, NULL, NULL, NULL, 'ULB', '13-48-A-383/2015', '0000-00-00', 'Compliance Of Audit Objection', NULL, NULL, ''),
(86, 91, NULL, NULL, NULL, 'ULB', '13-48-A-445/2013', '1996-07-03', 'Compliance Of Audit Objection', NULL, NULL, ''),
(87, 92, NULL, NULL, NULL, 'ULB', '13-48-E-115/2016', '0000-00-00', 'Compliance Of Audit Objection', NULL, NULL, ''),
(88, 93, NULL, NULL, NULL, 'ULB', 'Mupl-Pen(B)-1634/2011', '2000-08-31', 'Compliance Of Audit Objection', NULL, NULL, ''),
(89, 94, NULL, NULL, NULL, 'ULB', 'Mup-Pen(B)-1684/2011', '0000-00-00', 'Compliance Of Audit Objection', NULL, NULL, ''),
(90, 95, NULL, NULL, NULL, 'ULB', 'Mupl-Pen(B)-1692/2011', '0000-00-00', 'Compliance Of Audit Objection', NULL, NULL, ''),
(91, 96, NULL, NULL, NULL, 'ULB', 'Mupl-Pen(B)-2659/2011', '0000-00-00', 'Compliance Of Audit Objection', NULL, NULL, ''),
(92, 97, NULL, NULL, NULL, 'ULB', 'Mupl-Pen(B)-2662/2011', '1988-12-26', 'Compliance Of Audit Objection', NULL, NULL, ''),
(93, 98, NULL, NULL, NULL, 'ULB', 'Mupl-Pen(B)-2663/2011', '1990-01-06', 'Compliance Of Audit Objection', NULL, NULL, ''),
(94, 99, NULL, NULL, NULL, 'ULB', 'Mupl-Pen(B)-1667/2011', '1900-07-17', 'Compliance Of Audit Objection', NULL, NULL, ''),
(95, 100, NULL, NULL, NULL, 'ULB', 'Mupl-Pen(B)-1660/2011', '0000-00-00', 'Compliance Of Audit Objection', NULL, NULL, ''),
(96, 101, NULL, NULL, NULL, 'ULB', 'Mupl-Pen(B)-1700/2011', '0000-00-00', 'Compliance Of Audit Objection', NULL, NULL, ''),
(97, 102, NULL, NULL, NULL, 'ULB', 'Mupl-Pen(B)-1649/2011', '0000-00-00', 'Compliance Of Audit Objection', NULL, NULL, ''),
(98, 103, NULL, NULL, NULL, 'ULB', '13-48-A-384/2015', '0000-00-00', 'Compliance Of Audit Objection', NULL, NULL, ''),
(99, 104, NULL, NULL, NULL, 'ULB', '13-48-A-266/2015', '0000-00-00', 'Compliance Of Audit Objection', NULL, NULL, ''),
(100, 105, NULL, NULL, NULL, 'ULB', '13-48-A-463/2013', '0000-00-00', 'Compliance Of Audit Objection', NULL, NULL, ''),
(101, 106, NULL, NULL, NULL, 'ULB', '13-48-A-446/2013', '0000-00-00', 'Compliance Of Audit Objection', NULL, NULL, ''),
(102, 107, NULL, NULL, NULL, 'ULB', 'Mupl-Pen(B)-1693/2011', '2001-06-18', 'Compliance Of Audit Objection', NULL, NULL, ''),
(103, 108, NULL, NULL, NULL, 'ULB', 'Mupl-Pen(B)-1699/2011', '0000-00-00', 'Compliance Of Audit Objection', NULL, NULL, ''),
(104, 109, NULL, NULL, NULL, 'ULB', 'Mupl-Pen(B)-1687/2011', '2001-01-10', 'Compliance Of Audit Objection', NULL, NULL, ''),
(105, 110, NULL, NULL, NULL, 'ULB', 'Mupl-Pen(B)-1691/2011', '0000-00-00', 'Compliance Of Audit Objection', NULL, NULL, ''),
(106, 111, NULL, NULL, NULL, 'ULB', 'Mupl-Pen(B)-1645/2011', '0000-00-00', 'Compliance Of Audit Objection', NULL, NULL, ''),
(107, 112, NULL, NULL, NULL, 'ULB', 'Mupl-Pen(B)-1631/2011', '0000-00-00', 'Compliance Of Audit Objection', NULL, NULL, ''),
(108, 113, NULL, NULL, NULL, 'ULB', 'Mupl-Pen(B)-1635/2011', '0000-00-00', 'Compliance Of Audit Objection', NULL, NULL, ''),
(109, 114, NULL, NULL, NULL, 'ULB', 'Mupl-Pen(B)-1683/2011', '0000-00-00', 'Compliance of Audit Objections', NULL, NULL, ''),
(110, 115, NULL, NULL, NULL, 'ULB', '13-48-E-129/2010', '0000-00-00', 'Compliance Of Audit Objection', NULL, NULL, ''),
(111, 116, NULL, NULL, NULL, 'ULB', '13-48-E-126/2016', '1994-09-30', 'Compliance Of Audit Objection', NULL, NULL, ''),
(112, 117, NULL, NULL, NULL, 'ULB', '13-48-E-124/2016', '0000-00-00', 'Compliance Of Audit Objection', NULL, NULL, ''),
(113, 118, NULL, NULL, NULL, 'ULB', 'Mupl-Pen(B)-167/2011', '0000-00-00', 'Compliance Of Audit Objection', NULL, NULL, ''),
(114, 119, NULL, NULL, NULL, 'ULB', 'Mupl-Pen(B)-1632/2011', '2000-07-22', 'Compliance Of Audit Objection', NULL, NULL, ''),
(115, 120, NULL, NULL, NULL, 'ULB', 'Mupl.Pen(B)-1636/2011', '1998-03-07', 'Compliance Of Audit Objection', NULL, NULL, ''),
(116, 121, NULL, NULL, NULL, 'ULB', 'Mupl.Pen(B)-4160/11', '2003-06-12', 'Compliance Of Audit Objection', NULL, NULL, ''),
(117, 122, NULL, NULL, NULL, 'ULB', 'Mupl.Pen(B)-1633/2011', '0000-00-00', 'Compliance Of Audit Objection', NULL, NULL, ''),
(118, 121, NULL, NULL, NULL, 'ULB', 'Mupl.Pen(B)-1640/2011', '2001-09-17', 'Compliance Of Audit Objection', NULL, NULL, ''),
(119, 124, NULL, NULL, NULL, 'ULB', 'Mupl.Pen(B)-1644/2011', '0000-00-00', 'Compliance Of Audit Objection', NULL, NULL, ''),
(120, 125, NULL, NULL, NULL, 'ULB', 'Mul.Pen(B)-1668/2011', '0000-00-00', 'Compliance Of Audit Objection', NULL, NULL, ''),
(121, 126, NULL, NULL, NULL, 'ULB', 'MuPl.Pen(B)-1677/2011', '0000-00-00', 'Compliance Of Audit Objection', NULL, NULL, ''),
(122, 127, NULL, NULL, NULL, 'ULB', 'Mupl.Pen(B)-1664/2011', '0000-00-00', 'Compliance Of Audit Objection', NULL, NULL, ''),
(123, 128, NULL, NULL, NULL, 'ULB', 'Mupl.Pen(B)-2657/2011', '1995-02-13', 'Compliance Of Audit Objection', NULL, NULL, ''),
(124, 129, NULL, NULL, NULL, 'ULB', 'Mupl-Pen(B)-1708/2011', '1994-12-09', 'Compliance Of Audit Objection', NULL, NULL, ''),
(125, 130, NULL, NULL, NULL, 'ULB', 'Mupl.Pen(B)-1643/2011', '0000-00-00', 'Compliance Of Audit Objection', NULL, NULL, ''),
(126, 131, NULL, NULL, NULL, 'ULB', 'Mupl.Pen(B)-2660/2011', '1986-07-15', 'Compliance Of Audit Objection', NULL, NULL, ''),
(127, 132, NULL, NULL, NULL, 'ULB', ' 13-48-A-117/2014', '0000-00-00', 'Compliance Of Audit Objection', NULL, NULL, ''),
(128, 133, NULL, NULL, NULL, 'ULB', '13-48-A135/2014', '0000-00-00', 'Compliance of Audit Objection', NULL, NULL, ''),
(129, 134, NULL, NULL, NULL, 'ULB', '13-48-A-68/2015', '0000-00-00', 'Compliance Of Audit Objection', NULL, NULL, ''),
(130, 135, NULL, NULL, NULL, 'ULB', '13-48-A-371/2015', '0000-00-00', 'Compliance Of Audit Objection', NULL, NULL, ''),
(131, 136, NULL, NULL, NULL, 'ULB', '13-48-E-58/2016', '0000-00-00', 'Compliance Of Audit Objection', NULL, NULL, ''),
(132, 137, NULL, NULL, NULL, 'ULB', '13-48-A-373/2015', '0000-00-00', 'Compliance Of Audit Objection', NULL, NULL, ''),
(133, 138, NULL, NULL, NULL, 'ULB', '13-48-A-128/2014', '0000-00-00', 'Compliance Of Audit Objection', NULL, NULL, ''),
(134, 139, NULL, NULL, NULL, 'ULB', '13-48-E-139/20216', '0000-00-00', 'Compliance Of Audit Objection', NULL, NULL, ''),
(135, 140, NULL, NULL, NULL, 'ULB', '13-48-A-134/2014', '0000-00-00', 'Compliance Of Audit Objection', NULL, NULL, ''),
(136, 141, NULL, NULL, NULL, 'ULB', '13-48-E-136/2016', '0000-00-00', 'Compliance Of Audit Objection', NULL, NULL, ''),
(137, 142, NULL, NULL, NULL, 'ULB', '13-48-E-137/2016', '1994-12-13', 'Compliance Of Audit Objection', NULL, NULL, ''),
(138, 143, NULL, NULL, NULL, 'ULB', '13-48-E-138/2016', '0000-00-00', 'Compliance Of Audit Objection', NULL, NULL, ''),
(139, 144, NULL, NULL, NULL, 'ULB', '13-48-A-132/2014', '0000-00-00', 'Compliance Of Audit Objection', NULL, NULL, ''),
(140, 145, NULL, NULL, NULL, 'ULB', '13-48-A-118/2015', '0000-00-00', 'Compliance Of Audit Objection', NULL, NULL, ''),
(141, 146, NULL, NULL, NULL, 'ULB', '13-48-A-120/2014', '0000-00-00', 'Compliance Of Audit Objection', NULL, NULL, ''),
(142, 147, NULL, NULL, NULL, 'ULB', '13-48-A-116/2014', '0000-00-00', 'Compliance Of Audit Objection', NULL, NULL, ''),
(143, 148, NULL, NULL, NULL, 'ULB', '13-48-E-54/2016', '0000-00-00', 'Compliance Of Audit Objection', NULL, NULL, ''),
(144, 149, NULL, NULL, NULL, 'ULB', '13-48-A-208/2015', '0000-00-00', 'Compliance Of Audit Objection', NULL, NULL, ''),
(145, 150, NULL, NULL, NULL, 'ULB', '13-48-A-368/2015', '0000-00-00', 'Compliance Of Audit Objection', NULL, NULL, ''),
(146, 151, NULL, NULL, NULL, 'ULB', '13-48-E-41/2016', '0000-00-00', 'Compliance Of Audit Objection', NULL, NULL, ''),
(147, 152, NULL, NULL, NULL, 'ULB', '13-48-E-53/2016', '0000-00-00', 'Compliance Of Audit Objection', NULL, NULL, ''),
(148, 153, NULL, NULL, NULL, 'ULB', '13-48-A-123/2014', '0000-00-00', 'Compliance Of Audit Objection', NULL, NULL, ''),
(149, 154, NULL, NULL, NULL, 'ULB', '13-48-A-369/2015', '0000-00-00', 'Compliance Of Audit Objection', NULL, NULL, ''),
(150, 155, NULL, NULL, NULL, 'ULB', '13-48-E-105/2016', '0000-00-00', 'Compliance Of Audit Objection', NULL, NULL, ''),
(151, 156, NULL, NULL, NULL, 'ULB', '13-48-E-99/2016', '0000-00-00', 'Compliance Of Audit Objection', NULL, NULL, ''),
(152, 157, NULL, NULL, NULL, 'ULB', '13-48-A-376/2015', '0000-00-00', 'Compliance Of Audit Objection', NULL, NULL, ''),
(153, 158, NULL, NULL, NULL, 'ULB', '13-48-A-8/2010', '2008-12-07', 'Compliance Of Audit Objection', NULL, NULL, ''),
(154, 159, NULL, NULL, NULL, 'ULB', '13-48-A-12/2014', '0000-00-00', 'Compliance Of Audit Objection', NULL, NULL, ''),
(155, 160, NULL, NULL, NULL, 'ULB', 'PEN-48-A-131/2014', '0000-00-00', 'Complianc OF Audit Objection', NULL, NULL, ''),
(156, 161, NULL, NULL, NULL, 'ULB', 'Mupl-Pen(B)-1322/11', '1997-10-02', 'Compliance Of Audit Objection', NULL, NULL, ''),
(157, 162, NULL, NULL, NULL, 'ULB', 'Mupl-Pen-(B)-1323/11', '1993-01-31', 'Compliance Of Audit Objection', NULL, NULL, ''),
(158, 163, NULL, NULL, NULL, 'ULB', '13-48-A-330/2015', '2012-03-28', 'Compliance Of Audit Objection', NULL, NULL, ''),
(159, 164, NULL, NULL, NULL, 'ULB', '13-48-A-468/2015', '0000-00-00', 'Compliance Of Audit Objection', NULL, NULL, ''),
(160, 165, NULL, NULL, NULL, 'ULB', '13-48-A-03/2014', '0000-00-00', 'Compliance Of Audit Objection', NULL, NULL, ''),
(161, 166, NULL, NULL, NULL, 'ULB', '13-48-A-02/16', '0000-00-00', 'Compliance Of Audit Objection', NULL, NULL, ''),
(162, 167, NULL, NULL, NULL, 'ULB', '13-48-A-283/2015', '2010-04-15', 'Compliance Of Audit Objection', NULL, NULL, ''),
(163, 168, NULL, NULL, NULL, 'ULB', 'PEN(48)-B-339/2012', '1994-12-03', 'Compliance Of Audit Objection', NULL, NULL, ''),
(164, 169, NULL, NULL, NULL, 'ULB', 'PEN(48)B-288/2012', '0000-00-00', 'Compliance Of Audit Objection', NULL, NULL, ''),
(165, 170, NULL, NULL, NULL, 'ULB', '13-48-B-260/2013', '2007-12-07', 'Compliance Of Audit Objection', NULL, NULL, ''),
(166, 171, NULL, NULL, NULL, 'ULB', 'PEN(48)-B-340/2012', '0000-00-00', 'Compliance Of Audit Objection', NULL, NULL, ''),
(167, 172, NULL, NULL, NULL, 'ULB', '13-48-E-19/2016', '0000-00-00', 'Compliance Of Audit Objection', NULL, NULL, ''),
(168, 173, NULL, NULL, NULL, 'ULB', '13-48-B-286/2013', '0000-00-00', 'Compliance Of Audit Objection', NULL, NULL, ''),
(169, 174, NULL, NULL, NULL, 'ULB', '13-48-B-307/2013', '1994-05-14', 'Compliance Of Audit Objection', NULL, NULL, ''),
(170, 175, NULL, NULL, NULL, 'ULB', '13-48-B-59/2013', '0000-00-00', 'Compliance Of Audit Objection', NULL, NULL, ''),
(171, 176, NULL, NULL, NULL, 'ULB', '13-48-B-232/2013', '0000-00-00', 'Compliance OF Audit Objection', NULL, NULL, ''),
(172, 177, NULL, NULL, NULL, 'ULB', '13-48-A-196/2013', '2008-05-09', 'Compliance of Audit Objection', NULL, NULL, ''),
(173, 178, NULL, NULL, NULL, 'ULB', '13-48-A-173/2014', '0000-00-00', 'Compliance OF Audit Objection', NULL, NULL, ''),
(174, 179, NULL, NULL, NULL, 'ULB', 'Mupl(LFS)-PEN-4010/2011', '0000-00-00', 'Compliance Of Audit Objection', NULL, NULL, ''),
(175, 180, NULL, NULL, NULL, 'ULB', 'PEN(48)B-360/2012', '2002-08-13', 'Compliance Of Audit Objection', NULL, NULL, ''),
(176, 181, NULL, NULL, NULL, 'ULB', 'PEN-(48)-B-378/2012', '2001-07-27', 'Compliance Of Audit Objection', NULL, NULL, ''),
(177, 182, NULL, NULL, NULL, 'ULB', 'PEN(48)-B-383/2012', '1998-11-30', 'Compliance OF Audit Objection', NULL, NULL, ''),
(178, 183, NULL, NULL, NULL, 'ULB', 'PEN-(48)-B-381/2012', '0000-00-00', 'Compliance OF Audit Objection', NULL, NULL, ''),
(179, 184, NULL, NULL, NULL, 'ULB', 'PENP-(48)-B-263/2012', '2000-04-11', 'Compliance OF Audit Objection', NULL, NULL, ''),
(180, 185, NULL, NULL, NULL, 'ULB', 'PENP(48)-B-375/2012', '0000-00-00', 'Compliance Of Audit Objection', NULL, NULL, ''),
(181, 186, NULL, NULL, NULL, 'ULB', 'PENP(48)-B-379/2012', '2002-11-17', 'Compliance OF Audit Objection', NULL, NULL, ''),
(182, 187, NULL, NULL, NULL, 'ULB', '13-(48)-B-66/2013', '1991-08-20', 'Compliance Of Audit Objection', NULL, NULL, ''),
(183, 188, NULL, NULL, NULL, 'ULB', '13-(48)-B-67/2013', '1995-07-27', 'Compliance OF Audit Objection', NULL, NULL, ''),
(184, 189, NULL, NULL, NULL, 'ULB', '13-48-B-224/2013', '1997-11-01', 'Compliance OF Audit Objection', NULL, NULL, ''),
(185, 190, NULL, NULL, NULL, 'ULB', '13-48-B-65/2013', '0000-00-00', 'Compliance Of Audit Objection', NULL, NULL, ''),
(186, 191, NULL, NULL, NULL, 'ULB', '13-48-B-68/2013', '2004-04-18', 'Compliance Of Audit Objection', NULL, NULL, ''),
(187, 192, NULL, NULL, NULL, 'ULB', 'PEN-(48)-B-359/2012', '2000-10-03', 'Compliance OF Audit Objection', NULL, NULL, ''),
(188, 193, NULL, NULL, NULL, 'ULB', 'PEN (48)-B-376/2012', '1996-12-15', 'Compliance Of Audit Objection', NULL, NULL, ''),
(189, 194, NULL, NULL, NULL, 'ULB', '13-48-B-69/2013', '1993-05-14', 'Compliance Of Audit Objection', NULL, NULL, ''),
(190, 195, NULL, NULL, NULL, 'ULB', 'PEN-(48)-B-374/2012', '2001-01-26', 'Compliance OF Audit Objection', NULL, NULL, ''),
(191, 196, NULL, NULL, NULL, 'ULB', '13-48-E-25/2016', '1995-06-07', 'Compliance Of Audit Objection', NULL, NULL, ''),
(192, 197, NULL, NULL, NULL, 'ULB', '13-48-B-325/2013', '1995-06-13', 'Compliance Of Audit Objection', NULL, NULL, ''),
(193, 198, NULL, NULL, NULL, 'ULB', '13-48-B-223/2013', '2009-10-05', 'Compliance Of Audit Objection', NULL, NULL, ''),
(194, 199, NULL, NULL, NULL, 'ULB', 'Mupl-Pen-3920/11', '0000-00-00', 'Compliance Of Audit Objection', NULL, NULL, ''),
(195, 200, NULL, NULL, NULL, 'ULB', '13-48-E-153/2015', '2009-02-10', 'Compliance Of Audit Objection', NULL, NULL, ''),
(196, 201, NULL, NULL, NULL, 'ULB', '13-48-E-131/2016', '0000-00-00', 'Compliance Of Audit Objection', NULL, NULL, ''),
(197, 202, NULL, NULL, NULL, 'ULB', '13-48-E-38/2016', '0000-00-00', 'Compliance Of Audit Objection', NULL, NULL, ''),
(198, 203, NULL, NULL, NULL, 'ULB', 'PEN-(48)-B-269/2012', '0000-00-00', 'Compliance Of Audit Objection', NULL, NULL, ''),
(199, 204, NULL, NULL, NULL, 'ULB', 'Mupl-Pen(D)-1615/2011', '2000-11-04', 'Compliance Of Audit Objection', NULL, NULL, ''),
(200, 205, NULL, NULL, NULL, 'ULB', 'PEN-(48)-B-332/2012', '2002-02-15', 'Compliance Of Audit Objection', NULL, NULL, ''),
(201, 206, NULL, NULL, NULL, 'ULB', 'PEN(48)-B-286/2012', '0000-00-00', 'Compliance Of Audit Objection', NULL, NULL, ''),
(202, 207, NULL, NULL, NULL, 'ULB', 'PEN(48)-B-329/2012', '0000-00-00', 'Compliance Of Audit Objection', NULL, NULL, ''),
(203, 208, NULL, NULL, NULL, 'ULB', '13-48-A-324/2015', '0000-00-00', 'Compliance Of Audit Objection', NULL, NULL, ''),
(204, 209, NULL, NULL, NULL, 'ULB', '13-48-A-18/2016', '0000-00-00', 'Compliance Of Audit Objection', NULL, NULL, ''),
(205, 210, NULL, NULL, NULL, 'ULB', '13-48-A-323/2015', '2000-07-22', 'Compliance Of Audit Objection', NULL, NULL, ''),
(206, 211, NULL, NULL, NULL, 'ULB', '13-48-A-475/2015', '0000-00-00', 'Compliance Of Audit Objection', NULL, NULL, ''),
(207, 212, NULL, NULL, NULL, 'ULB', '13-48-A-7/16', '0000-00-00', 'Compliance Of Audit Objection', NULL, NULL, ''),
(208, 213, NULL, NULL, NULL, 'ULB', '13-48-A-17/2016', '0000-00-00', 'Compliance Of Audit Objection', NULL, NULL, ''),
(209, 214, NULL, NULL, NULL, 'ULB', '13-48-A-418/2015', '2013-08-05', 'Compliance Of Audit Objection', NULL, NULL, ''),
(210, 215, NULL, NULL, NULL, 'ULB', '13-48-A-471/2015', '0000-00-00', 'Compliance Of Audit Objection', NULL, NULL, ''),
(211, 216, NULL, NULL, NULL, 'ULB', '13-48-A-474/2015', '0000-00-00', 'Compliance Of Audit Objection', NULL, NULL, ''),
(212, 217, NULL, NULL, NULL, 'ULB', '13-48-A-321/2015', '2001-04-28', 'Compliance Of Audit Objection', NULL, NULL, ''),
(213, 218, NULL, NULL, NULL, 'ULB', '13-48-A-472/2015', '0000-00-00', 'Compliance Of Audit Objection', NULL, NULL, ''),
(214, 219, NULL, NULL, NULL, 'ULB', '13-48-A-470/2015', '0000-00-00', 'Compliance Of Audit Objection', NULL, NULL, ''),
(215, 220, NULL, NULL, NULL, 'ULB', '13-48-A-473/2015', '0000-00-00', 'Compliance Of Audit Objection', NULL, NULL, ''),
(216, 221, NULL, NULL, NULL, 'ULB', '13-48-A-464/2015', '0000-00-00', 'Compliance of Audit Objection', NULL, NULL, ''),
(217, 222, NULL, NULL, NULL, 'ULB', '13-48-A-426/2015', '2010-04-13', 'Compliance Of Audit Objection', NULL, NULL, ''),
(218, 223, NULL, NULL, NULL, 'ULB', '13-48-A-476/2015', '0000-00-00', 'Compliance Of Audit Objection', NULL, NULL, ''),
(219, 224, NULL, NULL, NULL, 'ULB', '13-48-A-352/2015', '0000-00-00', 'Compliance Of Audit Objection', NULL, NULL, ''),
(220, 225, NULL, NULL, NULL, 'ULB', '13-48-A-417/2015', '0000-00-00', 'Compliance Of Audit Objection', NULL, NULL, ''),
(221, 226, NULL, NULL, NULL, 'ULB', '13-48-A-353/2015', '0000-00-00', 'Compliance Of Audit Objection', NULL, NULL, ''),
(222, 227, NULL, NULL, NULL, 'ULB', '13-48-A-337/2015', '0000-00-00', 'Compliance Of Audit Objection', NULL, NULL, ''),
(223, 228, NULL, NULL, NULL, 'ULB', '13-48-E-93/2015', '0000-00-00', 'Compliance Of Audit Objection', NULL, NULL, ''),
(224, 229, NULL, NULL, NULL, 'ULB', '13-48-A-396/2015', '2010-12-02', 'Compliance Of Audit Objection', NULL, NULL, ''),
(225, 230, NULL, NULL, NULL, 'ULB', '13-48-B-115/2016', '0000-00-00', 'Compliance Of Audit Objection', NULL, NULL, ''),
(226, 231, NULL, NULL, NULL, 'ULB', '13-48-A-397/2015', '0000-00-00', 'Compliance Of Audit Objection', NULL, NULL, ''),
(227, 232, NULL, NULL, NULL, 'ULB', '13-48-A-322/2-15', '0000-00-00', 'Compliance Of Audit Objection', NULL, NULL, ''),
(228, 144, NULL, NULL, NULL, 'ULB', '13-48-A-290/2015', '0000-00-00', 'Compliance Of Audit Objection', NULL, NULL, ''),
(229, 234, NULL, NULL, NULL, 'ULB', '13-48-E-100/2015', '2012-03-01', 'Compliance Of Audit Objection', NULL, NULL, ''),
(230, 235, NULL, NULL, NULL, 'ULB', '13-48-B-86/2014', '0000-00-00', 'Compliance OF Audit Objection', NULL, NULL, ''),
(231, 236, NULL, NULL, NULL, 'ULB', '13-48-B-126/2014', '0000-00-00', 'Compliance Of Audit Objection', NULL, NULL, ''),
(232, 237, NULL, NULL, NULL, 'ULB', '13-48-B-35/2013', '0000-00-00', 'Compliance Of Audit Objection', NULL, NULL, ''),
(233, 238, NULL, NULL, NULL, 'ULB', '13-48-B-328/2013', '0000-00-00', 'Compliance Of Audit Objection', NULL, NULL, ''),
(234, 239, NULL, NULL, NULL, 'ULB', 'PEN-(48)-B-354/2012', '0000-00-00', 'Compliance Of Audit Objection', NULL, NULL, ''),
(235, 240, NULL, NULL, NULL, 'ULB', 'PEN-(48)-B-416/2012', '0000-00-00', 'Compliance Of Audit Objection', NULL, NULL, ''),
(236, 241, NULL, NULL, NULL, 'ULB', '13-48-B-41/2014', '0000-00-00', 'Compliance Of Audit Objection', NULL, NULL, ''),
(237, 242, NULL, NULL, NULL, 'ULB', '13-48-B-95/2014', '2002-03-30', 'Compliance Of Audit Objection', NULL, NULL, ''),
(238, 243, NULL, NULL, NULL, 'ULB', '13-48-B-2/2015', '0000-00-00', 'Compliance Of Audit Objection', NULL, NULL, ''),
(239, 244, NULL, NULL, NULL, 'ULB', '13-48-B-22/2015', '0000-00-00', 'Compliance Of Audit Objection', NULL, NULL, ''),
(240, 245, NULL, NULL, NULL, 'ULB', '13-48-A-335/2015', '0000-00-00', 'Compliance Of Audit Objection', NULL, NULL, ''),
(241, 246, NULL, NULL, NULL, 'ULB', '13-48-A-294/2015', '0000-00-00', 'Compliance OF Audit Objection', NULL, NULL, ''),
(242, 247, NULL, NULL, NULL, 'ULB', '13-48-A-297/201D5', '0000-00-00', 'Compliance Of Audit Objection', NULL, NULL, ''),
(243, 248, NULL, NULL, NULL, 'ULB', '13-48-A-338/2015', '2013-11-28', 'Compliance Of Audit Objection', NULL, NULL, ''),
(244, 249, NULL, NULL, NULL, 'ULB', '13-48-B-6/2015', '0000-00-00', 'Compliance Of Audit Objection', NULL, NULL, ''),
(245, 250, NULL, NULL, NULL, 'ULB', '13-48-E-36/2015', '2011-06-22', 'Compliance Of Audit Objection', NULL, NULL, ''),
(246, 251, NULL, NULL, NULL, 'ULB', '13-48-B-3/2013', '0000-00-00', 'Compliance Of Audit Objection', NULL, NULL, ''),
(247, 252, NULL, NULL, NULL, 'ULB', '13-48-B-321/2013', '0000-00-00', 'Compliance Of Audit Objection', NULL, NULL, ''),
(248, 253, NULL, NULL, NULL, 'ULB', 'Mupl-Pen-(D)-158/2011', '0000-00-00', 'Compliance Of Audit Objection', NULL, NULL, ''),
(249, 254, NULL, NULL, NULL, 'ULB', '13-48-B-56/2013', '0000-00-00', 'Compliance Of Audit Objection', NULL, NULL, ''),
(250, 255, NULL, NULL, NULL, 'ULB', 'PEN-(48)-B-327/2012', '0000-00-00', 'Compliacne Of Audit Objection', NULL, NULL, ''),
(251, 256, NULL, NULL, NULL, 'ULB', '13-48-B-2/2013', '0000-00-00', 'Compliance Of Audit Objection', NULL, NULL, ''),
(252, 257, NULL, NULL, NULL, 'ULB', '13-48-A-291/2015', '0000-00-00', 'Compliance Of Audit Objection', NULL, NULL, ''),
(253, 258, NULL, NULL, NULL, 'ULB', '13-48-A-300/2015', '0000-00-00', 'Compliance Of Audit Objection', NULL, NULL, ''),
(254, 259, NULL, NULL, NULL, 'ULB', '13-48-A-319/2015', '0000-00-00', 'Compliance Of Audit Objection', NULL, NULL, ''),
(255, 260, NULL, NULL, NULL, 'ULB', '13-48-A-307/2015', '2006-08-29', 'Compliance Of Audit Objection', NULL, NULL, ''),
(256, 261, NULL, NULL, NULL, 'ULB', '13-48-A-351/2015', '0000-00-00', 'Compliacne Of Audit Objection', NULL, NULL, ''),
(257, 262, NULL, NULL, NULL, 'ULB', '13-48-A-306/2015', '0000-00-00', 'Compliance Of Audit Objection', NULL, NULL, ''),
(258, 263, NULL, NULL, NULL, 'ULB', '13-48-A-293/2015', '0000-00-00', 'Compliance Of Audit Objection', NULL, NULL, ''),
(259, 264, NULL, NULL, NULL, 'ULB', '13-48-A-461/2015', '0000-00-00', 'Compliance Of Audit Objection', NULL, NULL, ''),
(260, 265, NULL, NULL, NULL, 'ULB', '13-48-A-354/2015', '0000-00-00', 'Compliance Of Audit Objection', NULL, NULL, ''),
(261, 266, NULL, NULL, NULL, 'ULB', '13-48-B-5/2015', '0000-00-00', 'Compliance Of Audit Objection', NULL, NULL, ''),
(262, 267, NULL, NULL, NULL, 'ULB', '13-48-A-334/2015', '2010-08-21', 'Compliance Of Audit Objection', NULL, NULL, ''),
(263, 268, NULL, NULL, NULL, 'ULB', 'PEN(48)-B-268/2012', '0000-00-00', 'Compliance Of Audit Objection', NULL, NULL, ''),
(264, 269, NULL, NULL, NULL, 'ULB', '13-48-B-124/2014', '0000-00-00', 'Compliance Of Audit Objection', NULL, NULL, ''),
(265, 270, NULL, NULL, NULL, 'ULB', '13-48-B-31/2014', '0000-00-00', 'Compliance OF Objection', NULL, NULL, ''),
(266, 244, NULL, NULL, NULL, 'ULB', '13-48-B-73/2014', '0000-00-00', 'Compliance Of Audit Objection', NULL, NULL, ''),
(267, 272, NULL, NULL, NULL, 'ULB', '13-48-B-89/2014', '0000-00-00', 'Compliance Of Audit Objection', NULL, NULL, ''),
(268, 273, NULL, NULL, NULL, 'ULB', '13-48-B-42/2014', '0000-00-00', 'Compliance Of Audit Objection', NULL, NULL, ''),
(269, 274, NULL, NULL, NULL, 'ULB', '13-48-E-38/2015', '0000-00-00', 'Compliance Of Audit Objection', NULL, NULL, ''),
(270, 275, NULL, NULL, NULL, 'ULB', '13-48-B-76/2014', '0000-00-00', 'Compliance Of Audit Objection', NULL, NULL, ''),
(271, 276, NULL, NULL, NULL, 'ULB', '13-48-B-75/2014', '0000-00-00', 'Compliance Of Audit Objection', NULL, NULL, ''),
(272, 277, NULL, NULL, NULL, 'ULB', '13-48-F-30/2016', '0000-00-00', 'Compliance Of Audit Objection', NULL, NULL, ''),
(273, 278, NULL, NULL, NULL, 'ULB', '13-48-F-68/2016', '0000-00-00', 'Compliance Of Audit Objection', NULL, NULL, ''),
(274, 279, NULL, NULL, NULL, 'ULB', '13-48-F-31/2016', '0000-00-00', 'Compliance Of Audit Objection', NULL, NULL, ''),
(275, 280, NULL, NULL, NULL, 'ULB', '13-48-F-47/2016', '0000-00-00', 'Compliance Of Audit Objection', NULL, NULL, ''),
(276, 281, NULL, NULL, NULL, 'ULB', '13-48-F-52/2016', '2006-07-04', 'Compliance Of Audit Objection', NULL, NULL, ''),
(277, 282, NULL, NULL, NULL, 'ULB', '13-48-F-13/2016', '0000-00-00', 'Compliance Of Audit Objection', NULL, NULL, ''),
(278, 283, NULL, NULL, NULL, 'ULB', '13-48-F-51/2016', '0000-00-00', 'Compliance Of Audit Objection', NULL, NULL, ''),
(279, 284, NULL, NULL, NULL, 'ULB', '13-48-F-94/2010', '0000-00-00', 'Compliance Of Audit Objection', NULL, NULL, ''),
(280, 285, NULL, NULL, NULL, 'ULB', '13-48-F-15/2016', '0000-00-00', 'Compliance Of Audit Objection', NULL, NULL, ''),
(281, 286, NULL, NULL, NULL, 'ULB', '13-48-F-27/2016', '0000-00-00', 'Compliance Of Audit Objection', NULL, NULL, ''),
(282, 287, NULL, NULL, NULL, 'ULB', '13-48-F-46/2016', '0000-00-00', 'Compliance Of Audit Objection', NULL, NULL, ''),
(283, 288, NULL, NULL, NULL, 'ULB', '13-48-F-79/2016', '0000-00-00', 'Compliance Of Audit Objection', NULL, NULL, ''),
(284, 289, NULL, NULL, NULL, 'ULB', '13-48-F-22/2016', '0000-00-00', 'Compliacne OF Audit Objection', NULL, NULL, ''),
(285, 290, NULL, NULL, NULL, 'ULB', '13-48-F-120/2015', '0000-00-00', 'Compliance Of Audit Objection', NULL, NULL, ''),
(286, 291, NULL, NULL, NULL, 'ULB', '13-48-F-76/2016', '0000-00-00', 'Compliance Of Audit Objection', NULL, NULL, ''),
(287, 292, NULL, NULL, NULL, 'ULB', '13-48-F-109/2016', '0000-00-00', 'Compliance Of Audit Objection', NULL, NULL, ''),
(288, 293, NULL, NULL, NULL, 'ULB', '13-48-F-48/2016', '0000-00-00', 'Compliance Of Audit Objection', NULL, NULL, ''),
(289, 294, NULL, NULL, NULL, 'ULB', '13-48-F-9/2016', '0000-00-00', 'Compliance Of Audit Objection', NULL, NULL, ''),
(290, 295, NULL, NULL, NULL, 'ULB', '13-48-F-23/2015', '0000-00-00', 'Compliance Of Audit Objection', NULL, NULL, ''),
(291, 296, NULL, NULL, NULL, 'ULB', '13-48-F-12/2015', '2011-09-28', 'Compliance Of Audit Objection', NULL, NULL, ''),
(292, 297, NULL, NULL, NULL, 'ULB', '13-48-F-6/2016', '0000-00-00', 'Compliance Of Audit Objection', NULL, NULL, ''),
(293, 298, NULL, NULL, NULL, 'ULB', '13-48-F-16/2016', '0000-00-00', 'Compliance Of Audit Objection', NULL, NULL, ''),
(294, 299, NULL, NULL, NULL, 'ULB', '13-48-F-13/2013', '0000-00-00', 'Compliance Of Audit Objection', NULL, NULL, ''),
(295, 300, NULL, NULL, NULL, 'ULB', '13-48-F-24/2015', '0000-00-00', 'Compliance OF Audit Objection', NULL, NULL, ''),
(296, 301, NULL, NULL, NULL, 'ULB', '13-48-F-127/2015', '0000-00-00', 'Compliance Of Audit Objection', NULL, NULL, ''),
(297, 302, NULL, NULL, NULL, 'ULB', '13-48-F-112/2015', '0000-00-00', 'Compliance Of Audit Objection', NULL, NULL, ''),
(298, 303, NULL, NULL, NULL, 'ULB', '13-48-F-25/2016', '0000-00-00', 'Compliance Of Audit Objection', NULL, NULL, ''),
(299, 304, NULL, NULL, NULL, 'ULB', '13-48-F-92/2016', '0000-00-00', 'Compliance Of Audit Objection', NULL, NULL, ''),
(300, 305, NULL, NULL, NULL, 'ULB', '13-48-E-112/2016', '2014-07-31', 'Compliance Of Audit Objection', NULL, NULL, ''),
(301, 306, NULL, NULL, NULL, 'ULB', '13-48-F-60/2016', '0000-00-00', 'Compliance OF Audit Objection', NULL, NULL, ''),
(302, 307, NULL, NULL, NULL, 'ULB', '13-48-F-36/2016', '0000-00-00', 'Compliance Of Audit Objection', NULL, NULL, ''),
(303, 308, NULL, NULL, NULL, 'ULB', '13-48-F-82/2016', '0000-00-00', 'Compliance Of Audit Objection', NULL, NULL, ''),
(304, 309, NULL, NULL, NULL, 'ULB', '13-48-F-87/2016', '0000-00-00', 'Compliance Of Audit Objection', NULL, NULL, ''),
(305, 310, NULL, NULL, NULL, 'ULB', '13-48-F-69/2016', '0000-00-00', 'Compliance Of Audit Objection', NULL, NULL, ''),
(306, 311, NULL, NULL, NULL, 'ULB', '13-48-F-61/2016', '0000-00-00', 'Compliance Of Audit Objection', NULL, NULL, ''),
(307, 312, NULL, NULL, NULL, 'ULB', '13-48-F-88/2016', '0000-00-00', 'Compliance Of Audit Objection', NULL, NULL, ''),
(308, 87, NULL, NULL, NULL, 'ULB', '13-48-F-49/2016', '2011-08-17', 'Compliance OF Audit Objection', NULL, NULL, ''),
(309, 314, NULL, NULL, NULL, 'ULB', '13-48-F-66/2016', '0000-00-00', 'Compliance Of Audit Objection', NULL, NULL, ''),
(310, 315, NULL, NULL, NULL, 'ULB', '13-48-62/2016', '0000-00-00', 'Compliance Of Audit Objection', NULL, NULL, ''),
(311, 316, NULL, NULL, NULL, 'ULB', '13-48-F-14/2016', '0000-00-00', 'Compliance Of Audit Objection', NULL, NULL, ''),
(312, 317, NULL, NULL, NULL, 'ULB', '13-48-F-11/2015', '0000-00-00', 'Compliance Of Audit Objection', NULL, NULL, ''),
(313, 318, NULL, NULL, NULL, 'ULB', '13-48-F-129/2015', '0000-00-00', 'Compliance Of Audit Objection', NULL, NULL, ''),
(314, 319, NULL, NULL, NULL, 'ULB', '13-48-F-18/2015', '2011-04-17', 'Compliance Of Audit Objection', NULL, NULL, ''),
(315, 320, NULL, NULL, NULL, 'ULB', '13-48-F-06/2013', '0000-00-00', 'Compliance Of Audit Objection', NULL, NULL, ''),
(316, 321, NULL, NULL, NULL, 'ULB', '13-48-F-150/2015', '0000-00-00', 'Compliance Of Audit Objection', NULL, NULL, ''),
(317, 322, NULL, NULL, NULL, 'ULB', '13-48-F-191/2015', '0000-00-00', 'Compliance Of Audit Objection', NULL, NULL, ''),
(318, 323, NULL, NULL, NULL, 'ULB', '13-48-F-32/2014', '0000-00-00', 'Compliance Of Audit Objection', NULL, NULL, ''),
(319, 324, NULL, NULL, NULL, 'ULB', '13-48-F-10/2015', '0000-00-00', 'Compliance Of Audit Objection', NULL, NULL, ''),
(320, 325, NULL, NULL, NULL, 'ULB', '13-48-F-190/2015', '0000-00-00', 'Compliance Of Audit Objection', NULL, NULL, ''),
(321, 326, NULL, NULL, NULL, 'ULB', '13-48-F-193/2015', '0000-00-00', 'Compliance Of Audit Objection', NULL, NULL, ''),
(322, 327, NULL, NULL, NULL, 'ULB', '13-48-F-182/2015', '0000-00-00', 'Compliance Of Audit Objection', NULL, NULL, ''),
(323, 328, NULL, NULL, NULL, 'ULB', '13-48-F-28/2015', '0000-00-00', 'Compliance Of Audit Objection', NULL, NULL, ''),
(324, 329, NULL, NULL, NULL, 'ULB', '13-48-E-91/2015', '2002-05-23', 'Compliance Of Audit Objection', NULL, NULL, ''),
(325, 330, NULL, NULL, NULL, 'ULB', '13-48-F-105/2015', '0000-00-00', 'Compliance Of Audit Objection', NULL, NULL, ''),
(326, 331, NULL, NULL, NULL, 'ULB', '13-48-F-29/2015', '2002-10-19', 'Compliance Of Audit Objection', NULL, NULL, ''),
(327, 332, NULL, NULL, NULL, 'ULB', 'PEN-48-A-191/2012', '0000-00-00', 'Compliance Of Audit Objection', NULL, NULL, ''),
(328, 333, NULL, NULL, NULL, 'ULB', '13-48-F-105/2013', '2011-05-15', 'Compliance Of Audit Objection', NULL, NULL, ''),
(329, 334, NULL, NULL, NULL, 'ULB', '13-48-F-91/2016', '0000-00-00', 'Compliance Of Audit Objection', NULL, NULL, ''),
(330, 321, NULL, NULL, NULL, 'ULB', '13-48-F-9/2015', '0000-00-00', 'Compliance Of Audit Objection', NULL, NULL, ''),
(331, 336, NULL, NULL, NULL, 'ULB', '13-48-F-101/2015', '0000-00-00', 'Compliance Of Audit Objection', NULL, NULL, ''),
(332, 337, NULL, NULL, NULL, 'ULB', '13-48-F-38/2015', '0000-00-00', 'Compliance OF Audit Objection', NULL, NULL, ''),
(333, 338, NULL, NULL, NULL, 'ULB', '13-48-F-85/2016', '0000-00-00', 'Compliance Of Audit Objection', NULL, NULL, ''),
(334, 339, NULL, NULL, NULL, 'ULB', 'Mupl-Pen-1134/11', '0000-00-00', 'Compliance Of Audit Objection', NULL, NULL, ''),
(335, 340, NULL, NULL, NULL, 'ULB', '13-48-F-192/2015', '0000-00-00', 'Compliance Of Audit Objection', NULL, NULL, ''),
(336, 341, NULL, NULL, NULL, 'ULB', '13-48-F-190/2013', '0000-00-00', 'Compliance OF Audit Objection', NULL, NULL, ''),
(337, 342, NULL, NULL, NULL, 'ULB', '13-48-F-100/2013', '0000-00-00', 'Compliance Of Audit Objection', NULL, NULL, ''),
(338, 343, NULL, NULL, NULL, 'ULB', '13-48-F-7/2015', '0000-00-00', 'Compliance Of Audit Objection', NULL, NULL, ''),
(339, 344, NULL, NULL, NULL, 'ULB', '13-48-F-274/2013', '0000-00-00', 'Compliance Of Audit Objection', NULL, NULL, ''),
(340, 345, NULL, NULL, NULL, 'ULB', '13-48-F-53/2015', '0000-00-00', 'Compliance Of Audit Objection', NULL, NULL, ''),
(341, 346, NULL, NULL, NULL, 'ULB', '13-48-F-16/2013', '0000-00-00', 'Compliance Of Audit Objection', NULL, NULL, ''),
(342, 347, NULL, NULL, NULL, 'ULB', '13-48-F-17/2015', '0000-00-00', 'Compliance Of Audit Objection', NULL, NULL, ''),
(343, 348, NULL, NULL, NULL, 'ULB', '13-48-F-20/2015', '0000-00-00', 'Compliance Of Audit Objection', NULL, NULL, ''),
(344, 349, NULL, NULL, NULL, 'ULB', '13-48-F-194/2015', '0000-00-00', 'Compliance Of Audit Objection', NULL, NULL, ''),
(345, 350, NULL, NULL, NULL, 'ULB', '13-48-F-23/2013', '0000-00-00', 'Compliance Of Audit Objection', NULL, NULL, ''),
(346, 351, NULL, NULL, NULL, 'ULB', '13-48-F-138/2015', '0000-00-00', 'Compliance Of Audit Objection', NULL, NULL, ''),
(347, 352, NULL, NULL, NULL, 'ULB', '13-48-F-70/2015', '2011-12-22', 'Compliance Of Audit Objection', NULL, NULL, ''),
(348, 353, NULL, NULL, NULL, 'ULB', '13-48-F-176/2015', '0000-00-00', 'Compliance Of Audit Objection', NULL, NULL, ''),
(349, 354, NULL, NULL, NULL, 'ULB', '13-48-F-163/2015', '2001-01-08', 'Compliance Of Audit Objection', NULL, NULL, ''),
(350, 355, NULL, NULL, NULL, 'ULB', '13-48-A-110/2015', '0000-00-00', 'Compliance of Audit Objection', NULL, NULL, ''),
(351, 356, NULL, NULL, NULL, 'ULB', '13-48-A-75/2015', '0000-00-00', 'Compliance Of Audit Objection', NULL, NULL, ''),
(352, 357, NULL, NULL, NULL, 'ULB', '13-48-A-106/2015', '0000-00-00', 'Compliance Of Audit Objection', NULL, NULL, ''),
(353, 358, NULL, NULL, NULL, 'ULB', '13-48-A-77/2015', '0000-00-00', 'Compliance Of Audit Objection', NULL, NULL, ''),
(354, 359, NULL, NULL, NULL, 'ULB', '13-48-A-47/2015', '0000-00-00', 'Compliance Of Audit Objection', NULL, NULL, ''),
(355, 360, NULL, NULL, NULL, 'ULB', '13-48-A-54/2015', '0000-00-00', 'Compliance OF Audit Objection', NULL, NULL, ''),
(356, 361, NULL, NULL, NULL, 'ULB', '13-48-A-132/2015', '0000-00-00', 'Compliance OF Audit Objection', NULL, NULL, ''),
(357, 362, NULL, NULL, NULL, 'ULB', '13-48-A-51/2015', '0000-00-00', 'Compliance OF Audit Objection', NULL, NULL, ''),
(358, 363, NULL, NULL, NULL, 'ULB', '13-48-A-53/2015', '0000-00-00', 'Compliance OF Audit Objection', NULL, NULL, ''),
(359, 364, NULL, NULL, NULL, 'ULB', '13-48-A-48/2015', '0000-00-00', 'Compliance OF Audit Objection', NULL, NULL, ''),
(360, 365, NULL, NULL, NULL, 'ULB', '13-48-A-115/2O15', '2011-02-19', 'Compliance OF Audit Objection', NULL, NULL, ''),
(361, 366, NULL, NULL, NULL, 'ULB', '13-48-A-76/2015', '0000-00-00', 'Compliance OF Audit Objection', NULL, NULL, ''),
(362, 367, NULL, NULL, NULL, 'ULB', '13-48-A-107/2015', '0000-00-00', 'Compliance OF Audit Objection', NULL, NULL, ''),
(363, 368, NULL, NULL, NULL, 'ULB', '13-48-A-78/2015', '0000-00-00', 'Compliance OF Audit Objection', NULL, NULL, ''),
(364, 369, NULL, NULL, NULL, 'ULB', '13-48-A-55/2015', '0000-00-00', 'Compliance OF Audit Objection', NULL, NULL, ''),
(365, 370, NULL, NULL, NULL, 'ULB', '13-48-A-104/2015', '0000-00-00', 'Compliance OF Audit Objection', NULL, NULL, ''),
(366, 371, NULL, NULL, NULL, 'ULB', '13-48-A-108/2015', '0000-00-00', 'Compliance OF Audit Objection', NULL, NULL, ''),
(367, 372, NULL, NULL, NULL, 'ULB', '13-48-E-7/2016', '0000-00-00', 'Compliance OF Audit Objection', NULL, NULL, ''),
(368, 373, NULL, NULL, NULL, 'ULB', '13-48-B-317/2013', '2001-04-09', 'Compliance Of Audit Objection', NULL, NULL, ''),
(369, 374, NULL, NULL, NULL, 'ULB', '13-48-B-320/2013', '1971-06-09', 'Compliance Of Audit Objection', NULL, NULL, ''),
(370, 375, NULL, NULL, NULL, 'ULB', '13-48-B-315/2013', '2002-12-31', 'Compliance Of Audit Objection', NULL, NULL, ''),
(371, 376, NULL, NULL, NULL, 'ULB', '13-48-A-382/2014', '2004-11-10', 'Compliance Of Audit Objection', NULL, NULL, ''),
(372, 377, NULL, NULL, NULL, 'ULB', '13-48-E-179/2015', '0000-00-00', 'Compliance Of Audit Objection', NULL, NULL, ''),
(373, 378, NULL, NULL, NULL, 'ULB', '13-48-B-369/2013', '0000-00-00', 'Compliance OF Audit Objection', NULL, NULL, ''),
(374, 379, NULL, NULL, NULL, 'ULB', '13-48-2003/2015', '0000-00-00', 'Compliance Of Audit Objection', NULL, NULL, ''),
(375, 380, NULL, NULL, NULL, 'ULB', 'Mupl-Pen-B-2622/2011', '0000-00-00', 'Compliacne OF Audit Objection', NULL, NULL, ''),
(376, 381, NULL, NULL, NULL, 'ULB', 'PEN-48-B-321/2012', '0000-00-00', 'Compliance Of Audit Objection', NULL, NULL, ''),
(377, 382, NULL, NULL, NULL, 'ULB', '13-48-A-25/2016', '0000-00-00', 'Compliance Of Audit Objection', NULL, NULL, ''),
(378, 383, NULL, NULL, NULL, 'ULB', '13-48-A-63/2015', '2003-11-04', 'Compliance Of Audit Objection', NULL, NULL, ''),
(379, 384, NULL, NULL, NULL, 'ULB', 'PEN-48-B-361/2012', '2003-05-08', 'Compliance Of Audit Objection', NULL, NULL, ''),
(380, 385, NULL, NULL, NULL, 'ULB', 'PEN-48-B-365/2012', '0000-00-00', 'Compliance Of Audit Objection', NULL, NULL, ''),
(381, 386, NULL, NULL, NULL, 'ULB', '13-48-B-19/2013', '1995-05-31', 'Compliance OF Audit Objection', NULL, NULL, ''),
(382, 387, NULL, NULL, NULL, 'ULB', 'PEN-48-B-183/2012', '0000-00-00', 'Compliance Of Audit Objection', NULL, NULL, ''),
(383, 388, NULL, NULL, NULL, 'ULB', '13-48-B-312/2013', '1977-02-12', 'Compliance Of Audit Objection', NULL, NULL, ''),
(384, 389, NULL, NULL, NULL, 'ULB', 'PEN(48)-B-364/2012', '0000-00-00', 'Compliance Of Audit Objection', NULL, NULL, ''),
(385, 390, NULL, NULL, NULL, 'ULB', '13-48-E-118/2016', '0000-00-00', 'Compliance Of Audit Objection', NULL, NULL, ''),
(386, 391, NULL, NULL, NULL, 'ULB', 'PEN -48-B-184/2012', '2002-12-31', 'Compliance Of Audit Objection', NULL, NULL, ''),
(387, 392, NULL, NULL, NULL, 'ULB', 'PEN-13-48-C-111/2013', '2012-03-23', 'Compliance Of Audit Objection', NULL, NULL, ''),
(388, 393, NULL, NULL, NULL, 'ULB', '13-48-E-171/2013', '0000-00-00', 'Compliance Of Audit Objection', NULL, NULL, ''),
(389, 394, NULL, NULL, NULL, 'ULB', '13-48-A-410/2015', '2013-07-23', 'Compliance Of Audit Objection', NULL, NULL, ''),
(390, 395, NULL, NULL, NULL, 'ULB', '13-48-A-14/2016', '0000-00-00', 'Compliance Of Audit Objection', NULL, NULL, ''),
(391, 396, NULL, NULL, NULL, 'ULB', '13-48-A-10/2016', '2013-09-13', 'Compliance OF Audit Objection', NULL, NULL, ''),
(392, 397, NULL, NULL, NULL, 'ULB', '13-48-A-381/2015', '0000-00-00', 'Compliance Of Audit Objection', NULL, NULL, ''),
(393, 398, NULL, NULL, NULL, 'ULB', '13-48-E-249/2013', '0000-00-00', 'Compliance OF Audit Objection', NULL, NULL, ''),
(394, 399, NULL, NULL, NULL, 'ULB', 'MUPL-PEN-B-1854/2011', '0000-00-00', 'Compliance Of Audit Objection', NULL, NULL, ''),
(395, 400, NULL, NULL, NULL, 'ULB', '13-48-E-99/2014', '0000-00-00', 'Compliance Of Audit Objection', NULL, NULL, ''),
(396, 401, NULL, NULL, NULL, 'ULB', '13-48-B-220/2013', '0000-00-00', 'Compliance Of Audit Objection', NULL, NULL, ''),
(397, 402, NULL, NULL, NULL, 'ULB', '13-48-B-218/2013', '1991-07-31', 'Compliance OF Audit Objection', NULL, NULL, ''),
(398, 403, NULL, NULL, NULL, 'ULB', '13-48-B-89/2013', '2000-11-11', 'Compliance OF Audit Objection', NULL, NULL, ''),
(399, 404, NULL, NULL, NULL, 'ULB', '13-48-B-140/2013', '1995-02-22', 'Compliance Of Audit Objection', NULL, NULL, ''),
(400, 405, NULL, NULL, NULL, 'ULB', '13-48-B-133/2013', '0000-00-00', 'Compliance Of Audit Objection', NULL, NULL, ''),
(401, 406, NULL, NULL, NULL, 'ULB', 'PEN-48-B-408/2012', '0000-00-00', 'Compliance Of Audit Objection', NULL, NULL, ''),
(402, 407, NULL, NULL, NULL, 'ULB', 'PEN-48-B-401/2012', '2003-07-19', 'Compliance OF Audit Objection', NULL, NULL, ''),
(403, 408, NULL, NULL, NULL, 'ULB', 'PEN-48-B-411/2012', '0000-00-00', 'Compliance OF Audit Objection', NULL, NULL, ''),
(404, 409, NULL, NULL, NULL, 'ULB', 'PEN-48-B-177/2012', '2000-11-16', 'Compliance Of Audit Objection', NULL, NULL, ''),
(405, 410, NULL, NULL, NULL, 'ULB', 'PEN-48-B-407/2012', '0000-00-00', 'Compliance Of Audit Objection', NULL, NULL, ''),
(406, 411, NULL, NULL, NULL, 'ULB', 'PEN-48-B-176/2012', '0000-00-00', 'Compliance Of Audit Objection', NULL, NULL, ''),
(407, 412, NULL, NULL, NULL, 'ULB', 'PEN-48-B-405/2012', '0000-00-00', 'Compliance OF Audit Objection', NULL, NULL, ''),
(408, 413, NULL, NULL, NULL, 'ULB', 'PEN-48-B-402/2012', '0000-00-00', 'Compliance OF Audit Objection', NULL, NULL, ''),
(409, 414, NULL, NULL, NULL, 'ULB', 'PEN-48-B-161/2012', '2002-10-01', 'Compliance Of Audit Objection', NULL, NULL, ''),
(410, 415, NULL, NULL, NULL, 'ULB', 'PEN-48-B-175/2012', '0000-00-00', 'Compliance OF Audit Objection', NULL, NULL, ''),
(411, 416, NULL, NULL, NULL, 'ULB', '13-48-B-219/2013', '0000-00-00', 'Compliance Of Audit Objection', NULL, NULL, ''),
(412, 417, NULL, NULL, NULL, 'ULB', '13-48-B-136/2013', '0000-00-00', 'Compliance OF Audit Objection', NULL, NULL, ''),
(413, 418, NULL, NULL, NULL, 'ULB', '13-48-B-217/2013', '0000-00-00', 'Compliance OF Audit Objection', NULL, NULL, ''),
(414, 419, NULL, NULL, NULL, 'ULB', 'PEN-48-B-403/2012', '2001-05-19', 'Compliance OF Audit Objection', NULL, NULL, ''),
(415, 420, NULL, NULL, NULL, 'ULB', 'PEN-48-B-413/2012', '2002-04-02', 'Compliance OF Audit Objection', NULL, NULL, ''),
(416, 421, NULL, NULL, NULL, 'ULB', 'PEN-48-B-406/2012', '2007-02-06', 'Compliance Of Audit Objection', NULL, NULL, ''),
(417, 422, NULL, NULL, NULL, 'ULB', '13-48-B-134/2013', '0000-00-00', 'Compliance Of Audit Objection', NULL, NULL, ''),
(418, 423, NULL, NULL, NULL, 'ULB', '13-48-B-99/2013', '0000-00-00', 'Compliance OF Audit Objection', NULL, NULL, ''),
(419, 424, NULL, NULL, NULL, 'ULB', '13-48-B-132/2013', '0000-00-00', 'Compliance Of Audit Objection', NULL, NULL, ''),
(420, 425, NULL, NULL, NULL, 'ULB', 'PEN-48-B-404/2012', '2003-01-10', 'Compliance Of Audit Objection', NULL, NULL, ''),
(421, 426, NULL, NULL, NULL, 'ULB', 'PEN-48-B-178/2012', '0000-00-00', 'Compliance OF Audit Objection', NULL, NULL, ''),
(422, 427, NULL, NULL, NULL, 'ULB', '13-48-B-138/2013', '0000-00-00', 'Compliance Of Audit Objection', NULL, NULL, ''),
(423, 428, NULL, NULL, NULL, 'ULB', 'PEN-48-B-412/2012', '1990-12-09', 'Compliance Of Audit Objection', NULL, NULL, ''),
(424, 429, NULL, NULL, NULL, 'ULB', '13-48-B-108/2014', '0000-00-00', 'Compliance OF Audit Objection', NULL, NULL, ''),
(425, 430, NULL, NULL, NULL, 'ULB', ' 13-48-B-17/2013', '1992-04-23', 'Compliance OF Audit Objection', NULL, NULL, ''),
(426, 431, NULL, NULL, NULL, 'ULB', '13-48-B-11/2013', '1993-09-05', 'Compliance OF Audit Objection', NULL, NULL, ''),
(427, 432, NULL, NULL, NULL, 'ULB', '13-48-B-323/2013', '0000-00-00', 'Compliance Of Audit Objection', NULL, NULL, ''),
(428, 433, NULL, NULL, NULL, 'ULB', '13-48-B-12/2013', '1994-11-16', 'Compliance OF Audit Objection', NULL, NULL, ''),
(429, 434, NULL, NULL, NULL, 'ULB', '13-48-B-13/2013', '1993-02-02', 'Compliance Of Audit Objection', NULL, NULL, ''),
(430, 435, NULL, NULL, NULL, 'ULB', 'PEN-48-B-394/2012', '0000-00-00', 'Compliance OF Audit Objection', NULL, NULL, ''),
(431, 436, NULL, NULL, NULL, 'ULB', '13-48-E-20/2016', '0000-00-00', 'Compliance Of Audit Objection', NULL, NULL, ''),
(432, 437, NULL, NULL, NULL, 'ULB', 'PEN-48-B-391/2012', '0000-00-00', 'Compliance Of Audit Objection', NULL, NULL, ''),
(433, 438, NULL, NULL, NULL, 'ULB', 'PEN-48-B-307/2012', '0000-00-00', 'Compliance Of Audit Objection', NULL, NULL, ''),
(434, 439, NULL, NULL, NULL, 'ULB', 'PEN-48-B-325/2012', '1991-12-20', 'Compliance OF Audit Objection', NULL, NULL, '');
INSERT INTO `retirement_pension` (`pension_id`, `emp_id`, `pension_type`, `pension_category`, `documents`, `pending_at`, `file_no`, `dod`, `remarks`, `nominee`, `relation`, `Status`) VALUES
(435, 440, NULL, NULL, NULL, 'ULB', 'PEN-48-B-303/2012', '1998-12-01', 'Compliance Of Audit Objection', NULL, NULL, ''),
(436, 441, NULL, NULL, NULL, 'ULB', 'PEN-48-B-318/2012', '0000-00-00', 'Compliance OF Audit Objection', NULL, NULL, ''),
(437, 442, NULL, NULL, NULL, 'ULB', '13-48-E-143/2016', '0000-00-00', 'Compliance Of Audit Objection', NULL, NULL, ''),
(438, 443, NULL, NULL, NULL, 'ULB', '13-48-E-155/2015', '0000-00-00', 'Compliance Of Audit Objection', NULL, NULL, ''),
(439, 444, NULL, NULL, NULL, 'ULB', '13-48-E-110/2015', '0000-00-00', 'Compliance Of Audit Objection', NULL, NULL, ''),
(440, 445, NULL, NULL, NULL, 'ULB', '13-48-E-114/2015', '0000-00-00', 'Compliance Of Audit Objection', NULL, NULL, ''),
(441, 446, NULL, NULL, NULL, 'ULB', '13-48-E-98/2015', '0000-00-00', 'Compliance Of Audit Objection', NULL, NULL, ''),
(442, 447, NULL, NULL, NULL, 'ULB', '13-48-E-163/2015', '0000-00-00', 'Compliance Of Audit Objection', NULL, NULL, ''),
(443, 448, NULL, NULL, NULL, 'ULB', '13-48-E-162/2015', '0000-00-00', 'Compliance Of Audit Objection', NULL, NULL, ''),
(444, 449, NULL, NULL, NULL, 'ULB', '13-48-E-32/2016', '0000-00-00', 'Compliance Of Audit Objection', NULL, NULL, ''),
(445, 450, NULL, NULL, NULL, 'ULB', '13-48-E-4/2016', '0000-00-00', 'Compliance Of Audit Objection', NULL, NULL, ''),
(446, 451, NULL, NULL, NULL, 'ULB', '13-48-E-17/2016', '0000-00-00', 'Compliance OF Audit Objection', NULL, NULL, ''),
(447, 452, NULL, NULL, NULL, 'ULB', '13-48-E-68/2016', '0000-00-00', 'Compliance OF Audit Objectiom', NULL, NULL, ''),
(448, 453, NULL, NULL, NULL, 'ULB', '13-48-E-36/2016', '0000-00-00', 'Compliance OF Audit Objection', NULL, NULL, ''),
(449, 454, NULL, NULL, NULL, 'ULB', '13-48-E-35/2016', '0000-00-00', 'Compliance Of Audit Objection', NULL, NULL, ''),
(450, 455, NULL, NULL, NULL, 'ULB', '13-48-342/2015', '2013-08-05', 'Compliance Of Audit Objection', NULL, NULL, ''),
(451, 456, NULL, NULL, NULL, 'ULB', 'MUPL-PEN-B-989/2011', '0000-00-00', 'Compliance OF Audit Objection', NULL, NULL, ''),
(452, 457, NULL, NULL, NULL, 'ULB', 'MUPL-PEN-B-992/2011', '0000-00-00', 'Compliance OF Audit Objection', NULL, NULL, ''),
(453, 458, NULL, NULL, NULL, 'ULB', 'MUPL-PEN-B-970/2011', '1996-05-26', 'Compliance OF Audit Objection', NULL, NULL, ''),
(454, 459, NULL, NULL, NULL, 'ULB', 'MUPL-PEN-B-969/2011', '2000-11-28', 'Compliance Of Audit Objection', NULL, NULL, ''),
(455, 460, NULL, NULL, NULL, 'ULB', 'MUPL-PEN-B-983/2011', '1998-01-06', 'Compliance OF Audit Objection', NULL, NULL, ''),
(456, 461, NULL, NULL, NULL, 'ULB', 'MUPL-PEN-B-987/2011', '0000-00-00', 'Compliance OF Audit Objection', NULL, NULL, ''),
(457, 462, NULL, NULL, NULL, 'ULB', 'MUPL-PEN-B-994/2011', '0000-00-00', 'Compliance OF Audit Objection', NULL, NULL, ''),
(458, 463, NULL, NULL, NULL, 'ULB', 'MUPL-PEN-B-984/2011', '0000-00-00', 'Compliance OF Audit Objection', NULL, NULL, ''),
(459, 464, NULL, NULL, NULL, 'ULB', 'MUPL-PEN-B-982/2011', '0000-00-00', 'Compliance OF Audit Objection', NULL, NULL, ''),
(460, 465, NULL, NULL, NULL, 'ULB', 'MUPL-PEN-B-985/2011', '0000-00-00', 'Compliance OF Audit Objection', NULL, NULL, ''),
(461, 466, NULL, NULL, NULL, 'ULB', 'MUPL-PEN-B-990/2011', '0000-00-00', 'Compliance OF Audit Objection', NULL, NULL, ''),
(462, 467, NULL, NULL, NULL, 'ULB', '13-48-E-318/2013', '0000-00-00', 'Compliance OF Audit Objection', NULL, NULL, ''),
(463, 468, NULL, NULL, NULL, 'ULB', '13-48-C-20/2015', '0000-00-00', 'Compliance OF Audit Objection', NULL, NULL, ''),
(464, 469, NULL, NULL, NULL, 'ULB', ' 13-48-A-43/2016', '0000-00-00', 'Compliance OF Audit Objection', NULL, NULL, ''),
(465, 470, NULL, NULL, NULL, 'ULB', '13-48-A-311/2015', '2006-05-30', 'Compliance Of Audit Objection', NULL, NULL, ''),
(466, 471, NULL, NULL, NULL, 'ULB', '13-48-E-146/2016', '0000-00-00', 'Compliance OF Audit Objection', NULL, NULL, ''),
(467, 472, NULL, NULL, NULL, 'ULB', '13-48-E-84/2016', '0000-00-00', 'Compliance OF Audit Objection', NULL, NULL, ''),
(468, 473, NULL, NULL, NULL, 'ULB', '13-48-A-152/2016', '0000-00-00', 'Compliance OF Audit Objection', NULL, NULL, ''),
(469, 474, NULL, NULL, NULL, 'ULB', '13-48-F-115/2016', '2011-07-11', 'Compliance OF Audit Objection', NULL, NULL, ''),
(470, 475, NULL, NULL, NULL, 'ULB', '13-48-E-8/2015', '2014-02-25', 'Compliance OF Audit Objection', NULL, NULL, ''),
(471, 476, NULL, NULL, NULL, 'ULB', '13-48-C-87/2015', '0000-00-00', 'Compliance OF Audit Objection', NULL, NULL, ''),
(472, 477, NULL, NULL, NULL, 'ULB', '13-48-C-76/2015', '0000-00-00', 'Compliance Of Audit Objection', NULL, NULL, ''),
(473, 478, NULL, NULL, NULL, 'ULB', '13-48-C-88/2015', '0000-00-00', 'Compliance Of Audit Objection', NULL, NULL, ''),
(474, 479, NULL, NULL, NULL, 'ULB', 'MUPL-PEN-B-2571/2011', '2006-02-20', 'Compliance OF Audit Objection', NULL, NULL, ''),
(475, 480, NULL, NULL, NULL, 'ULB', 'MUPL-PEN-B-2580/2011', '2005-01-18', 'Compliance Of Audit Objection', NULL, NULL, ''),
(476, 481, NULL, NULL, NULL, 'ULB', '13-48-E-80/2014', '0000-00-00', 'Compliance Of Audit Objection', NULL, NULL, ''),
(477, 482, NULL, NULL, NULL, 'ULB', 'MUPL-PEN-4353/11', '0000-00-00', 'Compliance OF Audit Objection', NULL, NULL, ''),
(478, 483, NULL, NULL, NULL, 'ULB', '13-48-304/2015', '0000-00-00', 'Compliance Of Audit Objection', NULL, NULL, ''),
(479, 484, NULL, NULL, NULL, 'ULB', '13-48-506/2015', '0000-00-00', 'Compliance OF Audit Objection', NULL, NULL, ''),
(480, 485, NULL, NULL, NULL, 'ULB', '13-48-368/2015', '0000-00-00', 'Compliance OF Audit Objection', NULL, NULL, ''),
(481, 486, NULL, NULL, NULL, 'ULB', '13-48-501/2015', '0000-00-00', 'Compliance of Audit Objection', NULL, NULL, ''),
(482, 487, NULL, NULL, NULL, 'ULB', 'PEN-A-48-155/2016', '0000-00-00', 'Compliance Of Audit Objection', NULL, NULL, ''),
(483, 488, NULL, NULL, NULL, 'ULB', '13-48-427/2015', '2014-07-27', 'Compliance Of Audit Objection', NULL, NULL, ''),
(484, 489, NULL, NULL, NULL, 'ULB', '13-48-425/2015', '0000-00-00', 'Compliance OF Audit Objection', NULL, NULL, ''),
(485, 490, NULL, NULL, NULL, 'ULB', '13-48-407/2015', '2011-02-11', 'Compliance Of Audit Objection', NULL, NULL, ''),
(486, 491, NULL, NULL, NULL, 'ULB', 'MUPL-PEN-B-2158/11', '1999-05-09', 'Compliance Of Audit Objection', NULL, NULL, ''),
(487, 492, NULL, NULL, NULL, 'ULB', '13-48-C-127/2014', '2006-06-20', 'Compliance Of Audit Objection', NULL, NULL, ''),
(488, 493, NULL, NULL, NULL, 'ULB', '13-48-C-85/2014', '0000-00-00', 'Compliance OF Audit Objection', NULL, NULL, ''),
(489, 494, NULL, NULL, NULL, 'ULB', '13-48-89/2016', '0000-00-00', 'Compliance OF Audit Objection', NULL, NULL, ''),
(490, 495, NULL, NULL, NULL, 'ULB', '13-48-496/2015', '0000-00-00', 'Compliance OF Audit Objection', NULL, NULL, ''),
(491, 496, NULL, NULL, NULL, 'ULB', '13-48-422/2015', '0000-00-00', 'Compliance Of Audit Objection', NULL, NULL, ''),
(492, 497, NULL, NULL, NULL, 'ULB', '13-48-418/2015', '0000-00-00', 'Compliance Of Audit Objection', NULL, NULL, ''),
(493, 498, NULL, NULL, NULL, 'ULB', '13-48-419/2015', '0000-00-00', 'Compliance Of Audit Objection', NULL, NULL, ''),
(494, 499, NULL, NULL, NULL, 'ULB', 'Mupl-Pen-B-2629/2011', '1996-03-20', 'Compliance OF Audit Objection', NULL, NULL, ''),
(495, 500, NULL, NULL, NULL, 'ULB', 'Mupl-Pen-B-2635/2011', '0000-00-00', 'Compliance OF Audit Objection', NULL, NULL, ''),
(496, 501, NULL, NULL, NULL, 'ULB', 'Mupl-Pen-B-2632/2011', '0000-00-00', 'Compliance Of Audit Objection', NULL, NULL, ''),
(497, 502, NULL, NULL, NULL, 'ULB', 'Mupl-Pen-B-2636/2011', '1996-10-05', 'Compliance Of Audit Objection', NULL, NULL, ''),
(498, 503, NULL, NULL, NULL, 'ULB', 'Mupl-Pen-B-2633/2011', '2003-09-04', 'Compliance Of Audit Objection', NULL, NULL, ''),
(499, 504, NULL, NULL, NULL, 'ULB', 'Mupl-Pen-B-2631/2011', '0000-00-00', 'Compliance Of Audit Objection', NULL, NULL, ''),
(500, 505, NULL, NULL, NULL, 'ULB', 'Mupl-Pen-B-2625/2011', '0000-00-00', 'Compliance Of Audit Objection', NULL, NULL, ''),
(501, 506, NULL, NULL, NULL, 'ULB', 'Mupl-Pen-B-2630/2011', '1999-04-11', 'Compliance Of Audit Objection', NULL, NULL, ''),
(502, 507, NULL, NULL, NULL, 'ULB', 'Mupl-Pen-B-2634/2011', '0000-00-00', 'Compliance Of Audit Objection', NULL, NULL, ''),
(503, 508, NULL, NULL, NULL, 'ULB', 'Mupl-Pen-B-2627/2011', '1997-08-30', 'Compliance Of Audit Objection', NULL, NULL, ''),
(504, 509, NULL, NULL, NULL, 'ULB', '13-48-121/2015', '2008-09-16', 'Compliance Of Audit Objection', NULL, NULL, ''),
(505, 510, NULL, NULL, NULL, 'ULB', '13-48-120/2015', '2010-09-11', 'Compliance Of Audit Objection', NULL, NULL, ''),
(506, 511, NULL, NULL, NULL, 'ULB', 'Mupl-Pen-B-2626/2011', '0000-00-00', 'Compliance Of Audit Objection', NULL, NULL, ''),
(507, 512, NULL, NULL, NULL, 'ULB', '13-48-A-175/2015', '0000-00-00', 'Compliance Of Audit Objection', NULL, NULL, ''),
(508, 513, NULL, NULL, NULL, 'ULB', '13-48-A-4/2016', '2014-02-05', 'Compliance Of Audit Objection', NULL, NULL, ''),
(509, 514, NULL, NULL, NULL, 'ULB', '13-48-F-93/2016', '2009-10-18', 'Compliance Of Audit Objection', NULL, NULL, ''),
(510, 515, NULL, NULL, NULL, 'ULB', 'Pen-48-D-94/12', '0000-00-00', 'Compliance Of Audit Objection', NULL, NULL, ''),
(511, 516, NULL, NULL, NULL, 'ULB', '13-48-A-169/2015', '0000-00-00', 'Compliance Of Audit Objection ', NULL, NULL, ''),
(512, 517, NULL, NULL, NULL, 'ULB', '13-48-139/2015', '1900-01-00', 'Compliance Of Audit Objection', NULL, NULL, ''),
(513, 518, NULL, NULL, NULL, 'ULB', '13-48-292/2015', '1900-01-00', 'Compliance Of Audit Objection', NULL, NULL, ''),
(514, 519, NULL, NULL, NULL, 'ULB', '13-48-113/2015', '1900-01-00', 'Compliance Of Audit Objection', NULL, NULL, ''),
(515, 520, NULL, NULL, NULL, 'ULB', '13-48-458/2014', '1900-01-00', 'Compliance Of Audit Objection', NULL, NULL, ''),
(516, 521, NULL, NULL, NULL, 'ULB', '13-48-535/2015', '1900-01-00', 'Compliance Of Audit Objection', NULL, NULL, ''),
(517, 522, NULL, NULL, NULL, 'ULB', '13-48-161/2015', '1900-01-00', 'Compliance Of Audit Objection', NULL, NULL, ''),
(518, 523, NULL, NULL, NULL, 'ULB', '13-48-291/2015', '1900-01-00', 'Compliance Of Audit Objection', NULL, NULL, ''),
(519, 524, NULL, NULL, NULL, 'ULB', '13-48-386/2014', '2011-05-10', 'Compliance Of Audit Objection', NULL, NULL, ''),
(520, 525, NULL, NULL, NULL, 'ULB', '13-48-465/2014', '1900-01-00', 'Complianc OF Audit Objection', NULL, NULL, ''),
(521, 526, NULL, NULL, NULL, 'ULB', '13-48-E-113/2016', '1900-01-00', 'Compliance Of Audit Objection', NULL, NULL, ''),
(522, 527, NULL, NULL, NULL, 'ULB', '13-48-E-111/2016', '2008-05-25', 'Compliance Of Audit Objection', NULL, NULL, ''),
(523, 528, NULL, NULL, NULL, 'ULB', '13-48-F-110/2016', '2014-06-19', 'Compliance Of Audit Objection', NULL, NULL, ''),
(524, 529, NULL, NULL, NULL, 'ULB', '13-48-245/2014', '1900-01-00', 'Compliance Of Audit Objection', NULL, NULL, ''),
(525, 530, NULL, NULL, NULL, 'ULB', '13-48-285/2015', '1900-01-00', 'Compliance Of Audit Objection', NULL, NULL, ''),
(526, 531, NULL, NULL, NULL, 'ULB', '13-48-18/2013', '2004-11-16', 'Compliance Of Audit Objection', NULL, NULL, ''),
(527, 532, 'Family Pension', 'LFS', '3,4,5,6,7,8', 'ULB', '13-48-271/2015', '2014-03-08', 'new form', '', '', ''),
(528, 533, NULL, NULL, NULL, 'ULB', '13-48-445/2014', '1900-01-00', 'Compliance Of Audit Objection', NULL, NULL, ''),
(529, 534, NULL, NULL, NULL, 'ULB', '13-48-446/2015', '1900-01-00', 'Compliance OF Audit Objection', NULL, NULL, ''),
(530, 261, NULL, NULL, NULL, 'ULB', '13-48-444/2015', '1900-01-00', 'Compliance Of Audit Objection', NULL, NULL, ''),
(531, 536, NULL, NULL, NULL, 'ULB', '13-48-261/2015', '1900-01-00', 'Compliance Of Audit Objection', NULL, NULL, ''),
(532, 537, NULL, NULL, NULL, 'ULB', '13-48-433/2015', '2013-01-27', 'Compliance Of Audit Objection', NULL, NULL, ''),
(533, 538, NULL, NULL, NULL, 'ULB', 'PEN-(48)-510/2012', '2010-08-25', 'Compliance Of Audit Objection', NULL, NULL, ''),
(534, 539, NULL, NULL, NULL, 'ULB', '13-48-105/2015', '1900-01-00', 'Compliance Of Audit Objection', NULL, NULL, ''),
(535, 540, NULL, NULL, NULL, 'ULB', '13-48-114/2015', '2003-07-27', 'Compliance Of Audit Objection', NULL, NULL, ''),
(536, 541, NULL, NULL, NULL, 'ULB', '13-48-39/2014', '1900-01-00', 'Complianc OF Audit Objection', NULL, NULL, ''),
(537, 542, NULL, NULL, NULL, 'ULB', '13-48-190/2015', '2010-07-16', 'Compliance Of Audit Objection', NULL, NULL, ''),
(538, 543, NULL, NULL, NULL, 'ULB', '13-48-141/2014', '1900-01-00', 'Compliance Of Audit Objection', NULL, NULL, ''),
(539, 544, NULL, NULL, NULL, 'ULB', '13-48-56/2014', '2010-04-05', 'Compliance Of Audit Objection', NULL, NULL, ''),
(540, 545, NULL, NULL, NULL, 'ULB', ' 13-48-108/2015', '1900-01-00', 'Compliance OF Audit Objection', NULL, NULL, ''),
(541, 546, NULL, NULL, NULL, 'ULB', ' 13-48-78/2014', '1900-01-00', 'Compliance OF Audit Objection', NULL, NULL, ''),
(542, 547, NULL, NULL, NULL, 'ULB', '13-48-97/2014', '1900-01-00', 'Compliance Of Audit Objection', NULL, NULL, ''),
(543, 548, NULL, NULL, NULL, 'ULB', '13-48-107/2015', '1900-01-00', 'Compliance Of Audit Objection', NULL, NULL, ''),
(544, 549, NULL, NULL, NULL, 'ULB', '13-48(A)-54/2016', '1900-01-00', 'Compliance Of Audit Objection', NULL, NULL, ''),
(545, 550, NULL, NULL, NULL, 'ULB', '13-48-A-55/2016', '1900-01-00', 'Compliance Of Audit Objection', NULL, NULL, ''),
(546, 551, NULL, NULL, NULL, 'ULB', '13-48-A-71/2016', '1900-01-00', 'Compliance OF Audit Objection', NULL, NULL, ''),
(547, 552, NULL, NULL, NULL, 'ULB', '13-48-A-74/2016', '1900-01-00', 'Compliance OF Audit Objection', NULL, NULL, ''),
(548, 553, NULL, NULL, NULL, 'ULB', '13-48-A-65/2016', '1900-01-00', 'Compliance OF Audit Objection', NULL, NULL, ''),
(549, 554, NULL, NULL, NULL, 'ULB', '13-48-A-97/2016', '2011-09-10', 'Compliance OF Audit Objection', NULL, NULL, ''),
(550, 555, NULL, NULL, NULL, 'ULB', '13-48-A-163/2016', '1900-01-00', 'Compliance Of Audit Objection', NULL, NULL, ''),
(551, 556, NULL, NULL, NULL, 'ULB', '13-48-A-96/2016', '1900-01-00', 'Compliance Of Audit Objection', NULL, NULL, ''),
(552, 557, NULL, NULL, NULL, 'ULB', '13-48-A-53/2016', '1900-01-00', 'Compliance Of Audit Objection', NULL, NULL, ''),
(553, 558, NULL, NULL, NULL, 'ULB', '13-48-A-95/2016', '1900-01-00', 'Compliance Of Audit Objection', NULL, NULL, ''),
(554, 559, NULL, NULL, NULL, 'ULB', '13-48-A-31/2016', '1900-01-00', 'Compliance Of Audit Objection', NULL, NULL, ''),
(555, 560, NULL, NULL, NULL, 'ULB', '13-48-A-94/2016', '2008-10-18', 'Compliance Of Audit Objection', NULL, NULL, ''),
(556, 561, NULL, NULL, NULL, 'ULB', '13-48-A-308/2015', '1900-01-00', 'Compliance Of Audit Objection', NULL, NULL, ''),
(557, 562, NULL, NULL, NULL, 'ULB', '13-48-A-178/2016', '1900-01-00', 'Compliance Of Audit Objection', NULL, NULL, ''),
(558, 563, NULL, NULL, NULL, 'ULB', '13-48-A-186/2016', '1900-01-00', 'Compliance Of Audit Objection', NULL, NULL, ''),
(559, 564, NULL, NULL, NULL, 'ULB', '13-48-A-185/2016', '1900-01-00', 'Compliace Of Audit  Objection', NULL, NULL, ''),
(560, 565, NULL, NULL, NULL, 'ULB', '13-48-A-184/2016', '1900-01-00', 'Complianc OF Audit Objection', NULL, NULL, ''),
(561, 566, NULL, NULL, NULL, 'ULB', ' 13-48-109/2014', '1900-01-00', 'Compliance Of Audit Objection', NULL, NULL, ''),
(562, 465, NULL, NULL, NULL, 'ULB', '13-48-98/2014', '1900-01-00', 'Compliance Of Audit Objection', NULL, NULL, ''),
(563, 568, NULL, NULL, NULL, 'ULB', '13-48-163/2014', '1900-01-00', 'Compliance Of Audit Objection', NULL, NULL, ''),
(564, 569, NULL, NULL, NULL, 'ULB', '13-48-227/2015', '1900-01-00', 'Compliance Of Audit Objection', NULL, NULL, ''),
(565, 570, NULL, NULL, NULL, 'ULB', 'PEN-48-D-164/12', '1900-01-00', 'Compliance Of Audit Objection', NULL, NULL, ''),
(566, 571, NULL, NULL, NULL, 'ULB', 'PEN-48-D-93/12', '1900-01-00', 'Compliance Of Audit Objection', NULL, NULL, ''),
(567, 572, NULL, NULL, NULL, 'ULB', '13-48-D-15/13', '2008-12-06', 'Compliance Of Audit Objection', NULL, NULL, ''),
(568, 573, NULL, NULL, NULL, 'ULB', '13-48-271/2013', '1900-01-00', 'Compliance Of Audit Objection', NULL, NULL, ''),
(569, 574, NULL, NULL, NULL, 'ULB', '13-48-334/2013', '1900-01-00', 'Compliance OF Audit Objection', NULL, NULL, ''),
(570, 575, NULL, NULL, NULL, 'ULB', '13-48-D-12/13', '1900-01-00', 'Compliance Of Audit Objection', NULL, NULL, ''),
(571, 576, NULL, NULL, NULL, 'ULB', 'PEN-48-D-110/12', '1900-01-00', 'Compliance Of Audit Objection', NULL, NULL, ''),
(572, 577, NULL, NULL, NULL, 'ULB', 'PEN-48-D-271/12', '1900-01-00', 'Compliance Of Audit Objection', NULL, NULL, ''),
(573, 578, NULL, NULL, NULL, 'ULB', '13-48-D-29/13', '1900-01-00', 'Compliance OF Audit Objection', NULL, NULL, ''),
(574, 579, NULL, NULL, NULL, 'ULB', 'PEN-48-D-170/12', '1900-01-00', 'Compliance OF Audit Objection', NULL, NULL, ''),
(575, 465, NULL, NULL, NULL, 'ULB', '13-48-D-76/2013', '1900-01-00', 'Compliance Of Audit Objection', NULL, NULL, ''),
(576, 581, NULL, NULL, NULL, 'ULB', 'Mupl-Pen-D-667/2011', '1900-01-00', 'Compliance Of Audit Objection', NULL, NULL, ''),
(577, 582, NULL, NULL, NULL, 'ULB', 'Mupl-Pen-D-664/2011', '0000-00-00', 'Compliance Of Audit Objection', NULL, NULL, ''),
(578, 583, NULL, NULL, NULL, 'ULB', 'Mupl-Pen-D-792/2011', '1900-01-00', 'Compliance Of Audit Objection', NULL, NULL, ''),
(579, 584, NULL, NULL, NULL, 'ULB', 'Mupl-Pen-D-720/2011', '2004-03-22', 'Compliance Of Audit Objection', NULL, NULL, ''),
(580, 585, NULL, NULL, NULL, 'ULB', 'Mupl-Pen-D-568/2011', '1900-01-00', 'Compliance Of Audit Objection', NULL, NULL, ''),
(581, 586, NULL, NULL, NULL, 'ULB', 'Mupl-Pen-D-806/2011', '1900-01-00', 'Compliance Of Audit Objection', NULL, NULL, ''),
(582, 587, NULL, NULL, NULL, 'ULB', 'Mupl-Pen-A-579/2011', '2004-09-22', 'Compliance Of Audit Objection', NULL, NULL, ''),
(583, 588, NULL, NULL, NULL, 'ULB', 'Mupl-Pen-D-607/2011', '1996-04-04', 'Compliance Of Audit Objection', NULL, NULL, ''),
(584, 589, NULL, NULL, NULL, 'ULB', 'Mupl-Pen-A-572/2011', '2005-11-16', 'Compliance OF Audit Objection', NULL, NULL, ''),
(585, 590, NULL, NULL, NULL, 'ULB', 'Mupl-Pen-D-3909/11', '1900-01-00', 'Compliance Of Audit Objection', NULL, NULL, ''),
(586, 591, NULL, NULL, NULL, 'ULB', 'Mupl-Pen-A-569/2011', '1900-01-00', 'Compliance Of Audit Objection', NULL, NULL, ''),
(587, 592, NULL, NULL, NULL, 'ULB', '13-48-E-56/2016', '1900-01-00', 'Compliace Of Audit  Objection', NULL, NULL, ''),
(588, 593, NULL, NULL, NULL, 'ULB', 'Mupl-Pen-D-557/2011', '1900-01-00', 'Compliance Of Audit Objection', NULL, NULL, ''),
(589, 594, NULL, NULL, NULL, 'ULB', 'Mupl-Pen-D-594/2011', '1999-08-05', 'Compliance OF Audit Objection', NULL, NULL, ''),
(590, 595, NULL, NULL, NULL, 'ULB', 'Mupl-Pen-D-564/2011', '2005-03-09', 'Compliance OF Audit Objection', NULL, NULL, ''),
(591, 596, NULL, NULL, NULL, 'ULB', 'Mupl-Pen-D-558/2011', '1900-01-00', 'Compliance Of Audit Objection', NULL, NULL, ''),
(592, 597, NULL, NULL, NULL, 'ULB', 'Mupl-Pen-D-613/2011', '1999-11-08', 'Compliance OF Audit Objection', NULL, NULL, ''),
(593, 598, NULL, NULL, NULL, 'ULB', 'Mupl-Pen-D-670/2011', '1900-01-00', 'Compliance OF Audit Objection', NULL, NULL, ''),
(594, 599, NULL, NULL, NULL, 'ULB', 'Pen-48-D-244/12', '2007-06-14', 'Compliance Of Audit objection', NULL, NULL, ''),
(595, 600, NULL, NULL, NULL, 'ULB', '13-48-336/2013', '1900-01-00', 'Compliance Of Audit objection', NULL, NULL, ''),
(596, 601, NULL, NULL, NULL, 'ULB', '13-48-369/2013', '2002-10-16', 'Compliance Of Audit Objection', NULL, NULL, ''),
(597, 602, NULL, NULL, NULL, 'ULB', '13-48-368/2013', '2007-03-02', 'Compliance OF Audit objection', NULL, NULL, ''),
(598, 603, NULL, NULL, NULL, 'ULB', '13-48-348/2013', '1900-01-00', 'Compliance Of Audit Objection', NULL, NULL, ''),
(599, 604, NULL, NULL, NULL, 'ULB', 'Pen-48-D-106/12', '1900-01-00', 'Compliance Of Audit Objection', NULL, NULL, ''),
(600, 605, NULL, NULL, NULL, 'ULB', 'Pen-48-D-112/12', '1900-01-00', 'Compliance Of Audit Objection', NULL, NULL, ''),
(601, 606, NULL, NULL, NULL, 'ULB', '13-48-265/2013', '1900-01-00', 'Compliance OF Audit Objection', NULL, NULL, ''),
(602, 607, NULL, NULL, NULL, 'ULB', '13-48-391/2013', '1900-01-00', 'Compliance OF Audit Objection', NULL, NULL, ''),
(603, 608, NULL, NULL, NULL, 'ULB', '13-48-D-88/13', '1900-01-00', 'Compliance Of Audit Objection', NULL, NULL, ''),
(604, 609, NULL, NULL, NULL, 'ULB', 'Pen-48-D-231/12', '2009-01-09', 'Compliance OF Audit Objection', NULL, NULL, ''),
(605, 610, NULL, NULL, NULL, 'ULB', '13-48-310/2013', '1900-01-00', 'Compliance OF Audit Objection', NULL, NULL, ''),
(606, 611, NULL, NULL, NULL, 'ULB', 'Pen-48-D-47/12', '1900-01-00', 'Compliance Of Audit Objection', NULL, NULL, ''),
(607, 612, NULL, NULL, NULL, 'ULB', 'Pen-48-D-165/12', '1900-01-00', 'Compliance Of Audit Objection', NULL, NULL, ''),
(608, 613, NULL, NULL, NULL, 'ULB', 'Pen-48-D-103/12', '1900-01-00', 'Compliance Of Audit Objection', NULL, NULL, ''),
(609, 614, NULL, NULL, NULL, 'ULB', 'Pen-48-D-174/12', '2007-11-07', 'Compliance Of Audit Objection', NULL, NULL, ''),
(610, 615, NULL, NULL, NULL, 'ULB', 'Pen-48-D-163/12', '1900-01-00', 'Compliance Of Audit Objection', NULL, NULL, ''),
(611, 616, NULL, NULL, NULL, 'ULB', 'Pen-48-D-2/12', '1900-01-00', 'Compliance Of Audit Objection', NULL, NULL, ''),
(612, 617, NULL, NULL, NULL, 'ULB', '13-48-303/2013', '1900-01-00', 'Compliance Of Audit Objection', NULL, NULL, ''),
(613, 618, NULL, NULL, NULL, 'ULB', '13-48-264/2013', '1900-01-00', 'Compliance Of Audit Objection', NULL, NULL, ''),
(614, 619, NULL, NULL, NULL, 'ULB', 'Pen-48-105/2012', '2006-10-04', 'Compliance Of Audit Objection', NULL, NULL, ''),
(615, 620, NULL, NULL, NULL, 'ULB', 'Pen-48-D-105/12', '1900-01-00', 'Compliance OF Audit Objection', NULL, NULL, ''),
(616, 621, NULL, NULL, NULL, 'ULB', 'Pen-48-D-33/12', '1900-01-00', 'Compliance OF Audit Objection', NULL, NULL, ''),
(617, 622, NULL, NULL, NULL, 'ULB', 'Pen-48-D-122/12', '1900-01-00', 'Compliance OF Audit Objection', NULL, NULL, '');

-- --------------------------------------------------------

--
-- Table structure for table `role_master`
--

CREATE TABLE `role_master` (
  `roll_id` int(11) NOT NULL,
  `rolle_type` text NOT NULL
) ENGINE=InnoDB DEFAULT CHARSET=latin1;

--
-- Dumping data for table `role_master`
--

INSERT INTO `role_master` (`roll_id`, `rolle_type`) VALUES
(1, 'Central Office'),
(2, 'Audit'),
(3, 'ULB/NAC');

-- --------------------------------------------------------

--
-- Table structure for table `section_master`
--

CREATE TABLE `section_master` (
  `section_id` int(11) NOT NULL,
  `name` text NOT NULL
) ENGINE=InnoDB DEFAULT CHARSET=latin1;

-- --------------------------------------------------------

--
-- Table structure for table `ulb_master`
--

CREATE TABLE `ulb_master` (
  `ulb_id` int(11) NOT NULL,
  `ulb_name` text NOT NULL,
  `district_id` int(11) NOT NULL
) ENGINE=InnoDB DEFAULT CHARSET=latin1;

--
-- Dumping data for table `ulb_master`
--

INSERT INTO `ulb_master` (`ulb_id`, `ulb_name`, `district_id`) VALUES
(1, 'Angul (M)', 1),
(2, 'Athamallik (N)', 1),
(3, 'Talcher (M)', 1),
(4, 'Bhuban (N)', 9),
(5, 'Dhenkanal (M)', 9),
(6, 'Kamakhyanagar (N)', 9),
(7, 'Aska (N)', 11),
(8, 'Belaguntha (N)', 11),
(9, 'Berhampur (M)', 11),
(10, 'Bhanjanagar (N)', 11),
(11, 'Buguda (N)', 11),
(12, 'Chhatrapur (N)', 11),
(13, 'Chikiti (N)', 11),
(14, 'Digapahandi (N)', 11),
(15, 'Ganjam (N)', 11),
(16, 'Gopalpur (N)', 11),
(17, 'Hinjilicut (N)', 11),
(18, 'Kavisuryanagar (N)', 11),
(19, 'Khallikote (N)', 11),
(20, 'Kodala (N)', 11),
(21, 'Polsora (N)', 11),
(22, 'Purusottampur (N)', 11),
(23, 'Rambha (N)', 11),
(24, 'Soroda (N)', 11),
(25, 'Paralakhemundi (M)', 10),
(26, 'Kasinagar (N)', 10),
(27, 'Balimela (N)', 21),
(28, 'Malkangiri (M)', 21),
(29, 'Nowrangpur (M)', 24),
(30, 'Umerkote (N)', 24),
(31, 'Balasore (M)', 4),
(32, 'Jaleswar (M)', 4),
(33, 'Nilagiri (N)', 4),
(34, 'Soro (N)', 4),
(35, 'Bhadrak (M)', 3),
(36, 'Basudevpur (N)', 3),
(37, 'Athagarh (N)', 7),
(38, 'Banki (N)', 7),
(39, 'Choudwar (M)', 7),
(40, 'Cuttack (M)', 7),
(41, 'Balugaon (N)', 19),
(42, 'Banpur (N)', 19),
(43, 'Jatni (M)', 19),
(44, 'Khurda (M)', 19),
(45, 'Gudari (N)', 27),
(46, 'Gunupur (N)', 27),
(47, 'Rayagada (M)', 27),
(48, 'Biramitrapur (M)', 30),
(49, 'Rajgangpur (M)', 30),
(50, 'Sundargarh (M)', 30),
(51, 'Binika (N)', 29),
(52, 'Sonepur (M)', 29),
(53, 'Tarva (N)', 29),
(54, 'Boudhagarh (N)', 6),
(55, 'Deogarh (M)', 8),
(56, 'Jajpur (M)', 13),
(57, 'Vyasanagar (M)', 13),
(58, 'Jagatsinghpur (M)', 12),
(59, 'Paradeep (M)', 12),
(60, 'Belpahar (M)', 14),
(61, 'Brajrajnagar (M)', 14),
(62, 'Jharsuguda (M)', 14),
(63, 'Bhawanipatana (M)', 15),
(64, 'Junagarh (N)', 15),
(65, 'Kesinga (M)', 15),
(66, 'Anandpur (M)', 18),
(67, 'Barbil (M)', 18),
(68, 'Joda (M)', 18),
(69, 'Keonjhargarh (M)', 18),
(70, 'Khandapara (N)', 25),
(71, 'Nayagarh (M)', 25),
(72, 'G.Udaygiri (N)', 31),
(73, 'Phulbani (M)', 31),
(74, 'Balangir (M)', 5),
(75, 'Kantabanjhi (N)', 5),
(76, 'Patnagarh (N)', 5),
(77, 'Titilagarh (N)', 5),
(78, 'Baragarh (M)', 2),
(79, 'Padmapur (N)', 2),
(80, 'Barapali (N)', 2),
(81, 'Kendrapara (M)', 17),
(82, 'Pattamundai (M)', 17),
(83, 'Bhubaneswar (M)', 19),
(84, 'Jeypore (M)', 20),
(85, 'Koraput (M)', 20),
(86, 'Kotepad (N)', 20),
(87, 'Sunabeda (N)', 20),
(88, 'Baripada (M)', 22),
(89, 'Karanjia (N)', 22),
(90, 'Rairangpur (N)', 22),
(91, 'Udala (N)', 22),
(92, 'Khariar (N)', 23),
(93, 'Khariar Road (N)', 23),
(94, 'Nuapara (N)', 23),
(95, 'Konark (N)', 26),
(96, 'Nimapara (N)', 26),
(97, 'Pipili (N)', 26),
(98, 'Puri (M)', 26),
(99, 'Burla (N)', 28),
(100, 'Hirakud (N)', 28),
(101, 'Kuchinda (N)', 28),
(102, 'Redhakhol (N)', 28),
(103, 'Sambalpur (N)', 28),
(104, 'Rourkela (M)', 30),
(105, 'Subarnapur (M)', 29);

-- --------------------------------------------------------

--
-- Table structure for table `user_tbl`
--

CREATE TABLE `user_tbl` (
  `user_id` int(11) NOT NULL,
  `email` text NOT NULL,
  `user_name` text NOT NULL,
  `password` text NOT NULL,
  `mobile` text,
  `address` text,
  `roll_id` int(11) NOT NULL,
  `ulb_id` int(11) NOT NULL,
  `district_id` int(11) NOT NULL,
  `user_token` text,
  `otp` text NOT NULL
) ENGINE=InnoDB DEFAULT CHARSET=latin1;

--
-- Dumping data for table `user_tbl`
--

INSERT INTO `user_tbl` (`user_id`, `email`, `user_name`, `password`, `mobile`, `address`, `roll_id`, `ulb_id`, `district_id`, `user_token`, `otp`) VALUES
(5, 'santoshmajhi99@gmail.com', 'ulb_angul', 'e10adc3949ba59abbe56e057f20f883e', '9438753143', 'Sahid Nagar, Bhubaneswar', 3, 1, 1, '', ''),
(7, 'amaresh11@gmail.com', 'ulb_bhuban', 'e10adc3949ba59abbe56e057f20f883e', '9438753143', 'Bomikhal Bhubaneswar', 3, 4, 9, '', ''),
(8, 'amaresh11@gmail.com', 'central_office', 'e10adc3949ba59abbe56e057f20f883e', '9438753143', 'bhubaneswar', 1, 2, 1, 'PZ0AZXYNUa8eiYXZpcoEVcWj5OwABnExHKgN5hRqZMn18DjHIEB2tcK7C6Hy', ''),
(9, 'test@gmail.com', 'ulb_athamallik ', 'e10adc3949ba59abbe56e057f20f883e', '1234567890', 'test Address', 3, 2, 1, NULL, ''),
(10, 'test@gmail.com', 'ulb_talcher', 'e10adc3949ba59abbe56e057f20f883e', '1234567890', 'test Address', 3, 3, 1, NULL, ''),
(11, 'test@gmail.com', 'ulb_dhenkanal', 'e10adc3949ba59abbe56e057f20f883e', '1234567890', 'Test Address', 3, 5, 9, NULL, ''),
(12, 'test@gmail.com', 'ulb_kamakhyanagar', 'e10adc3949ba59abbe56e057f20f883e', '1234567890', 'Test Address', 3, 6, 9, NULL, ''),
(13, 'test@gmail.com', 'ulb_aska', 'e10adc3949ba59abbe56e057f20f883e', '1234567890', 'Test Address', 3, 7, 11, NULL, ''),
(14, 'test@gmail.com', 'ulb_khariar_road', 'e10adc3949ba59abbe56e057f20f883e', '1234567890', 'Test Address', 3, 93, 23, NULL, ''),
(15, 'test@gmail.com', 'ulb_kantabanjhi', 'e10adc3949ba59abbe56e057f20f883e', '1234567890', 'Test Address', 3, 75, 5, NULL, ''),
(16, 'test@gmail.com', 'ulb_titilagarh', 'e10adc3949ba59abbe56e057f20f883e', '1234567890', 'Test Address', 3, 77, 5, NULL, ''),
(17, 'test@gmail.com', 'ulb_nowrangpur', 'e10adc3949ba59abbe56e057f20f883e', '1234567890', 'Test Address', 3, 29, 24, NULL, ''),
(18, 'test@gmail.com', 'ulb_soro', 'e10adc3949ba59abbe56e057f20f883e', '1234567890', 'Test Address', 3, 34, 4, NULL, ''),
(19, 'test@gmail.com', 'ulb_baragarh', 'e10adc3949ba59abbe56e057f20f883e', '1234567890', 'Test Address', 3, 78, 2, NULL, ''),
(20, 'test@gmail.com', 'ulb_basudevpur', 'e10adc3949ba59abbe56e057f20f883e', '1234567890', 'Test Address', 3, 36, 3, NULL, ''),
(21, 'test@gmail.com', 'ulb_barapali\r\n', 'e10adc3949ba59abbe56e057f20f883e', '1234567890', 'Test Address', 3, 80, 2, NULL, ''),
(22, 'test@gmail.com', 'ulb_balasore\r\n', 'e10adc3949ba59abbe56e057f20f883e', '1234567890', 'Test Address', 3, 31, 4, NULL, ''),
(23, 'test@gmail.com', 'ulb_bhadrak', 'e10adc3949ba59abbe56e057f20f883e', '1234567890', 'Test Address', 3, 35, 3, NULL, ''),
(24, 'test@gmail.com', 'ulb_balangir', 'e10adc3949ba59abbe56e057f20f883e', '1234567890', 'Test Address', 3, 74, 5, NULL, ''),
(25, 'test@gmail.com', 'ulb_umerkote', 'e10adc3949ba59abbe56e057f20f883e', '1234567890', 'Test Address', 3, 30, 24, NULL, ''),
(26, 'test@gmail.com', 'ulb_Sundargarh', 'e10adc3949ba59abbe56e057f20f883e', '1234567890', 'Test Address', 3, 50, 30, NULL, ''),
(27, 'test@gmail.com', 'ulb_patnagarh', 'e10adc3949ba59abbe56e057f20f883e', '1234567890', 'Test Address', 3, 76, 5, NULL, ''),
(28, 'test@gmail.com', 'ulb_boudhagarh', 'e10adc3949ba59abbe56e057f20f883e', '1234567890', 'Test Address', 3, 54, 6, NULL, ''),
(29, 'test@gmail.com', 'ulb_rajgangpur', 'e10adc3949ba59abbe56e057f20f883e', '1234567890', 'Test Address', 3, 49, 30, NULL, ''),
(30, 'test@gmail.com', 'ulb_Bhubaneswar', 'e10adc3949ba59abbe56e057f20f883e', '1234567890', 'Test Address', 3, 83, 19, NULL, ''),
(31, 'test@gmail.com', 'ulb_Cuttack', 'e10adc3949ba59abbe56e057f20f883e', '1234567890', 'Test Address', 3, 40, 7, '', ''),
(32, 'test@gmail.com', 'ulb_Choudwar', 'e10adc3949ba59abbe56e057f20f883e', '1234567890', 'Test Address', 3, 39, 7, NULL, ''),
(33, 'test@gmail.com', 'ulb_Rayagada', 'e10adc3949ba59abbe56e057f20f883e', '1234567890', 'Test Address', 3, 47, 27, NULL, ''),
(34, 'test@gmail.com', 'ulb_Tarva', 'e10adc3949ba59abbe56e057f20f883e', '1234567890', 'Test Address', 3, 53, 29, NULL, ''),
(35, 'test@gmail.com', 'ulb_Subarnapur', 'e10adc3949ba59abbe56e057f20f883e', '1234567890', 'Test Address', 3, 105, 29, NULL, ''),
(36, 'test@gmail.com', 'ulb_Bhawanipatana', 'e10adc3949ba59abbe56e057f20f883e', '1234567890', 'Test Address', 3, 63, 15, NULL, ''),
(37, 'test@gmail.com', 'ulb_Brajrajnagar', 'e10adc3949ba59abbe56e057f20f883e', '1234567890', 'Test Address', 3, 61, 14, NULL, ''),
(38, 'test@gmail.com', 'ulb_Rourkela', 'e10adc3949ba59abbe56e057f20f883e', '1234567890', 'Test Address', 3, 104, 30, NULL, ''),
(39, 'test@gmail.com', 'ulb_Biramitrapur', 'e10adc3949ba59abbe56e057f20f883e', '1234567890', 'Test Address', 3, 48, 30, NULL, ''),
(40, 'test@gmail.com', 'ulb_Jatni', 'e10adc3949ba59abbe56e057f20f883e', '1234567890', 'Test Address', 3, 43, 19, NULL, ''),
(41, 'test@gmail.com', 'ulb_Khurda', 'e10adc3949ba59abbe56e057f20f883e', '1234567890', 'Test Address', 3, 44, 19, NULL, ''),
(42, 'test@gmail.com', 'ulb_Aska', 'e10adc3949ba59abbe56e057f20f883e', '1234567890', 'Test Address', 3, 7, 11, NULL, ''),
(43, 'test@gmail.com', 'ulb_Jajpur', 'e10adc3949ba59abbe56e057f20f883e', '1234567890', 'Test Address', 3, 56, 13, NULL, ''),
(44, 'test@gmail.com', 'ulb_Bhanjanagar', 'e10adc3949ba59abbe56e057f20f883e', '1234567890', 'Test Address', 3, 10, 11, NULL, ''),
(45, 'test@gmail.com', 'ulb_Barbil', 'e10adc3949ba59abbe56e057f20f883e', '1234567890', 'Test Address', 3, 67, 18, NULL, ''),
(46, 'test@gmail.com', 'ulb_Joda', 'e10adc3949ba59abbe56e057f20f883e', '1234567890', 'Test Address', 3, 68, 18, NULL, ''),
(47, 'test@gmail.com', 'ulb_Keonjhargarh', 'e10adc3949ba59abbe56e057f20f883e', '1234567890', 'Test Address', 3, 69, 18, NULL, ''),
(48, 'test@gmail.com', 'ulb_Puri', 'e10adc3949ba59abbe56e057f20f883e', '1234567890', 'Test Address', 3, 98, 26, NULL, ''),
(49, 'test@gmail.com', 'ulb_Paralakhemundi', 'e10adc3949ba59abbe56e057f20f883e', '1234567890', 'Test Address', 3, 25, 10, NULL, ''),
(50, 'test@gmail.com', 'ulb_Chhatrapur', 'e10adc3949ba59abbe56e057f20f883e', '1234567890', 'Test Address', 3, 12, 11, NULL, ''),
(51, 'test@gmail.com', 'ulb_Hinjilicut', 'e10adc3949ba59abbe56e057f20f883e', '1234567890', 'Test Address', 3, 17, 11, NULL, ''),
(52, 'test@gmail.com', 'ulb_Purusottampur', 'e10adc3949ba59abbe56e057f20f883e', '1234567890', 'Test Address', 3, 22, 11, NULL, ''),
(53, 'test@gmail.com', 'ulb_Digapahandi', 'e10adc3949ba59abbe56e057f20f883e', '1234567890', 'Test Address', 3, 14, 11, NULL, ''),
(54, 'test@gmail.com', 'ulb_Polsora', 'e10adc3949ba59abbe56e057f20f883e', '1234567890', 'Test Address', 3, 21, 11, NULL, ''),
(55, 'test@gmail.com', 'ulb_Soroda', 'e10adc3949ba59abbe56e057f20f883e', '1234567890', 'Test Address', 3, 24, 11, NULL, ''),
(56, 'test@gmail.com', 'ulb_Rairangpur', 'e10adc3949ba59abbe56e057f20f883e', '1234567890', 'Test Address', 3, 90, 22, NULL, ''),
(57, 'test@gmail.com', 'ulb_Phulbani', 'e10adc3949ba59abbe56e057f20f883e', '1234567890', 'Test Address', 3, 73, 31, NULL, ''),
(58, 'test@gmail.com', 'ulb_Rambha', 'e10adc3949ba59abbe56e057f20f883e', '1234567890', 'Test Address', 3, 23, 11, NULL, ''),
(59, 'test@gmail.com', 'ulb_Sambalpur\r\n', 'e10adc3949ba59abbe56e057f20f883e', '1234567890', 'Test Address', 3, 103, 28, NULL, ''),
(60, 'test@gmail.com', 'ulb_Balugaon', 'e10adc3949ba59abbe56e057f20f883e', '1234567890', 'Test Address', 3, 41, 19, NULL, ''),
(61, 'test@gmail.com', 'ulb_Koraput', 'e10adc3949ba59abbe56e057f20f883e', '1234567890', 'Test Address', 3, 85, 20, NULL, ''),
(62, 'test@gmail.com', 'ulb_Jeypore', 'e10adc3949ba59abbe56e057f20f883e', '1234567890', 'Test Address', 3, 84, 20, NULL, ''),
(63, 'test@gmail.com', 'ulb_Jaleswar', 'e10adc3949ba59abbe56e057f20f883e', '1234567890', 'Test Address', 3, 32, 4, NULL, ''),
(64, 'test@gmail.com', 'ulb_Belaguntha', 'e10adc3949ba59abbe56e057f20f883e', '1234567890', 'Test Address', 3, 8, 11, NULL, ''),
(65, 'test@gmail.com', 'ulb_Berhampur', 'e10adc3949ba59abbe56e057f20f883e', '1234567890', 'Test Address', 3, 9, 11, NULL, ''),
(66, 'test@gmail.com', 'ulb_Buguda', 'e10adc3949ba59abbe56e057f20f883e', '1234567890', 'Test Address', 3, 11, 11, NULL, ''),
(67, 'test@gmail.com', 'ulb_Chikiti', 'e10adc3949ba59abbe56e057f20f883e', '1234567890', 'Test Address', 3, 13, 11, NULL, ''),
(68, 'test@gmail.com', 'ulb_Ganjam', 'e10adc3949ba59abbe56e057f20f883e', '1234567890', 'Test Address', 3, 15, 11, NULL, ''),
(69, 'test@gmail.com', 'ulb_Gopalpur', 'e10adc3949ba59abbe56e057f20f883e', '1234567890', 'Test Address', 3, 16, 11, NULL, ''),
(70, 'test@gmail.com', 'ulb_Kavisuryanagar', 'e10adc3949ba59abbe56e057f20f883e', '1234567890', 'Test Address', 3, 18, 11, NULL, ''),
(71, 'test@gmail.com', 'ulb_Khallikote', 'e10adc3949ba59abbe56e057f20f883e', '1234567890', 'Test Address', 3, 19, 11, NULL, ''),
(72, 'test@gmail.com', 'ulb_Kodala', 'e10adc3949ba59abbe56e057f20f883e', '1234567890', 'Test Address', 3, 20, 11, NULL, ''),
(73, 'test@gmail.com', 'ulb_Kasinagar', 'e10adc3949ba59abbe56e057f20f883e', '1234567890', 'Test Address', 3, 26, 10, NULL, ''),
(74, 'test@gmail.com', 'ulb_Balimela', 'e10adc3949ba59abbe56e057f20f883e', '1234567890', 'Test Address', 3, 27, 21, NULL, ''),
(75, 'test@gmail.com', 'ulb_Malkangiri', 'e10adc3949ba59abbe56e057f20f883e', '1234567890', 'Test Address', 3, 28, 21, NULL, ''),
(76, 'test@gmail.com', 'ulb_Nilagiri', 'e10adc3949ba59abbe56e057f20f883e', '1234567890', 'Test Address', 3, 33, 4, NULL, ''),
(77, 'test@gmail.com', 'ulb_Athagarh', 'e10adc3949ba59abbe56e057f20f883e', '1234567890', 'Test Address', 3, 37, 7, NULL, ''),
(78, 'test@gmail.com', 'ulb_Banki', 'e10adc3949ba59abbe56e057f20f883e', '1234567890', 'Test Address', 3, 38, 7, NULL, ''),
(79, 'test@gmail.com', 'ulb_Banpur', 'e10adc3949ba59abbe56e057f20f883e', '1234567890', 'Test Address', 3, 42, 19, NULL, ''),
(80, 'test@gmail.com', 'ulb_Gudari', 'e10adc3949ba59abbe56e057f20f883e', '1234567890', 'Test Address', 3, 45, 27, NULL, ''),
(81, 'test@gmail.com', 'ulb_Gunupur', 'e10adc3949ba59abbe56e057f20f883e', '1234567890', 'Test Address', 3, 46, 27, NULL, ''),
(82, 'test@gmail.com', 'ulb_Binika', 'e10adc3949ba59abbe56e057f20f883e', '1234567890', 'Test Address', 3, 51, 29, NULL, ''),
(83, 'test@gmail.com', 'ulb_Sonepur', 'e10adc3949ba59abbe56e057f20f883e', '1234567890', 'Test Address', 3, 52, 29, NULL, ''),
(84, 'test@gmail.com', 'ulb_Deogarh', 'e10adc3949ba59abbe56e057f20f883e', '1234567890', 'Test Address', 3, 55, 8, NULL, ''),
(85, 'test@gmail.com', 'ulb_Vyasanagar', 'e10adc3949ba59abbe56e057f20f883e', '1234567890', 'Test Address', 3, 57, 13, NULL, ''),
(86, 'test@gmail.com', 'ulb_Jagatsinghpur', 'e10adc3949ba59abbe56e057f20f883e', '1234567890', 'Test Address', 3, 58, 12, NULL, ''),
(87, 'test@gmail.com', 'ulb_Paradeep', 'e10adc3949ba59abbe56e057f20f883e', '1234567890', 'Test Address', 3, 59, 12, NULL, ''),
(88, 'test@gmail.com', 'ulb_Belpahar', 'e10adc3949ba59abbe56e057f20f883e', '1234567890', 'Test Address', 3, 60, 14, NULL, ''),
(89, 'test@gmail.com', 'ulb_Jharsuguda', 'e10adc3949ba59abbe56e057f20f883e', '1234567890', 'Test Address', 3, 62, 14, NULL, ''),
(90, 'test@gmail.com', 'ulb_Junagarh', 'e10adc3949ba59abbe56e057f20f883e', '1234567890', 'Test Address', 3, 64, 15, NULL, ''),
(91, 'test@gmail.com', 'ulb_Kesinga', 'e10adc3949ba59abbe56e057f20f883e', '1234567890', 'Test Address', 3, 65, 15, NULL, ''),
(92, 'test@gmail.com', 'ulb_Anandpur', 'e10adc3949ba59abbe56e057f20f883e', '1234567890', 'Test Address', 3, 66, 18, NULL, ''),
(93, 'test@gmail.com', 'ulb_Khandapara', 'e10adc3949ba59abbe56e057f20f883e', '1234567890', 'Test Address', 3, 70, 25, NULL, ''),
(94, 'test@gmail.com', 'ulb_Nayagarh', 'e10adc3949ba59abbe56e057f20f883e', '1234567890', 'Test Address', 3, 71, 25, NULL, ''),
(95, 'test@gmail.com', 'ulb_G.Udaygiri', 'e10adc3949ba59abbe56e057f20f883e', '1234567890', 'Test Address', 3, 72, 31, NULL, ''),
(96, 'test@gmail.com', 'ulb_Padmapur', 'e10adc3949ba59abbe56e057f20f883e', '1234567890', 'Test Address', 3, 79, 2, NULL, ''),
(97, 'test@gmail.com', 'ulb_Kendrapara', 'e10adc3949ba59abbe56e057f20f883e', '1234567890', 'Test Address', 3, 81, 17, NULL, ''),
(98, 'test@gmail.com', 'ulb_Pattamundai', 'e10adc3949ba59abbe56e057f20f883e', '1234567890', 'Test Address', 3, 82, 17, NULL, ''),
(99, 'test@gmail.com', 'ulb_Kotepad', 'e10adc3949ba59abbe56e057f20f883e', '1234567890', 'Test Address', 3, 86, 20, NULL, ''),
(100, 'test@gmail.com', 'ulb_Sunabeda', 'e10adc3949ba59abbe56e057f20f883e', '1234567890', 'Test Address', 3, 87, 20, NULL, ''),
(101, 'test@gmail.com', 'ulb_Baripada', 'e10adc3949ba59abbe56e057f20f883e', '1234567890', 'Test Address', 3, 88, 22, NULL, ''),
(102, 'test@gmail.com', 'ulb_Karanjia', 'e10adc3949ba59abbe56e057f20f883e', '1234567890', 'Test Address', 3, 89, 22, NULL, ''),
(103, 'test@gmail.com', 'ulb_Udala', 'e10adc3949ba59abbe56e057f20f883e', '1234567890', 'Test Address', 3, 91, 22, NULL, ''),
(104, 'test@gmail.com', 'ulb_Khariar', 'e10adc3949ba59abbe56e057f20f883e', '1234567890', 'Test Address', 3, 92, 23, NULL, ''),
(105, 'test@gmail.com', 'ulb_Nuapara', 'e10adc3949ba59abbe56e057f20f883e', '1234567890', 'Test Address', 3, 94, 23, NULL, ''),
(106, 'test@gmail.com', 'ulb_Konark', 'e10adc3949ba59abbe56e057f20f883e', '1234567890', 'Test Address', 3, 95, 26, NULL, ''),
(107, 'test@gmail.com', 'ulb_Nimapara', 'e10adc3949ba59abbe56e057f20f883e', '1234567890', 'Test Address', 3, 96, 26, NULL, ''),
(108, 'test@gmail.com', 'ulb_Pipili', 'e10adc3949ba59abbe56e057f20f883e', '1234567890', 'Test Address', 3, 97, 26, NULL, ''),
(109, 'test@gmail.com', 'ulb_Burla', 'e10adc3949ba59abbe56e057f20f883e', '1234567890', 'Test Address', 3, 99, 28, NULL, ''),
(110, 'test@gmail.com', 'ulb_Hirakud', 'e10adc3949ba59abbe56e057f20f883e', '1234567890', 'Test Address', 3, 100, 28, NULL, ''),
(111, 'test@gmail.com', 'ulb_Kuchinda', 'e10adc3949ba59abbe56e057f20f883e', '1234567890', 'Test Address', 3, 101, 28, NULL, ''),
(112, 'test@gmail.com', 'ulb_Redhakhol', 'e10adc3949ba59abbe56e057f20f883e', '1234567890', 'Test Address', 3, 102, 28, NULL, '');

--
-- Indexes for dumped tables
--

--
-- Indexes for table `designation_master`
--
ALTER TABLE `designation_master`
  ADD PRIMARY KEY (`designation_id`);

--
-- Indexes for table `district_master`
--
ALTER TABLE `district_master`
  ADD PRIMARY KEY (`district_id`);

--
-- Indexes for table `document_master`
--
ALTER TABLE `document_master`
  ADD PRIMARY KEY (`document_id`);

--
-- Indexes for table `employee_table`
--
ALTER TABLE `employee_table`
  ADD PRIMARY KEY (`emp_id`);

--
-- Indexes for table `pension_history`
--
ALTER TABLE `pension_history`
  ADD PRIMARY KEY (`history_id`);

--
-- Indexes for table `retirement_pension`
--
ALTER TABLE `retirement_pension`
  ADD PRIMARY KEY (`pension_id`);

--
-- Indexes for table `role_master`
--
ALTER TABLE `role_master`
  ADD PRIMARY KEY (`roll_id`);

--
-- Indexes for table `section_master`
--
ALTER TABLE `section_master`
  ADD PRIMARY KEY (`section_id`);

--
-- Indexes for table `ulb_master`
--
ALTER TABLE `ulb_master`
  ADD PRIMARY KEY (`ulb_id`);

--
-- Indexes for table `user_tbl`
--
ALTER TABLE `user_tbl`
  ADD PRIMARY KEY (`user_id`);

--
-- AUTO_INCREMENT for dumped tables
--

--
-- AUTO_INCREMENT for table `designation_master`
--
ALTER TABLE `designation_master`
  MODIFY `designation_id` int(11) NOT NULL AUTO_INCREMENT, AUTO_INCREMENT=53;
--
-- AUTO_INCREMENT for table `district_master`
--
ALTER TABLE `district_master`
  MODIFY `district_id` int(11) NOT NULL AUTO_INCREMENT, AUTO_INCREMENT=32;
--
-- AUTO_INCREMENT for table `document_master`
--
ALTER TABLE `document_master`
  MODIFY `document_id` int(11) NOT NULL AUTO_INCREMENT, AUTO_INCREMENT=15;
--
-- AUTO_INCREMENT for table `employee_table`
--
ALTER TABLE `employee_table`
  MODIFY `emp_id` int(11) NOT NULL AUTO_INCREMENT, AUTO_INCREMENT=623;
--
-- AUTO_INCREMENT for table `pension_history`
--
ALTER TABLE `pension_history`
  MODIFY `history_id` int(11) NOT NULL AUTO_INCREMENT, AUTO_INCREMENT=26;
--
-- AUTO_INCREMENT for table `retirement_pension`
--
ALTER TABLE `retirement_pension`
  MODIFY `pension_id` int(11) NOT NULL AUTO_INCREMENT, AUTO_INCREMENT=618;
--
-- AUTO_INCREMENT for table `role_master`
--
ALTER TABLE `role_master`
  MODIFY `roll_id` int(11) NOT NULL AUTO_INCREMENT, AUTO_INCREMENT=4;
--
-- AUTO_INCREMENT for table `section_master`
--
ALTER TABLE `section_master`
  MODIFY `section_id` int(11) NOT NULL AUTO_INCREMENT;
--
-- AUTO_INCREMENT for table `ulb_master`
--
ALTER TABLE `ulb_master`
  MODIFY `ulb_id` int(11) NOT NULL AUTO_INCREMENT, AUTO_INCREMENT=106;
--
-- AUTO_INCREMENT for table `user_tbl`
--
ALTER TABLE `user_tbl`
  MODIFY `user_id` int(11) NOT NULL AUTO_INCREMENT, AUTO_INCREMENT=113;
/*!40101 SET CHARACTER_SET_CLIENT=@OLD_CHARACTER_SET_CLIENT */;
/*!40101 SET CHARACTER_SET_RESULTS=@OLD_CHARACTER_SET_RESULTS */;
/*!40101 SET COLLATION_CONNECTION=@OLD_COLLATION_CONNECTION */;
